ACAD,1904,
ACAD,1905,
ACAD,1906,
ACAD,1907,
ACAD,1908,
ACAD,1909,
ACAD,1910,
ACAD,1911,
ACAD,1912,
ACAD,1913,
ACAD,1914,
ACAD,1915,
ACAD,1916,
ACAD,1917,
ACAD,1918,
ACAD,1919,64000
ACAD,1920,66500
ACAD,1921,69836
ACAD,1922,73779
ACAD,1923,64200
ACAD,1924,71758
ACAD,1925,73673
ACAD,1926,101256
ACAD,1927,123699
ACAD,1928,134897
ACAD,1929,149554
ACAD,1930,154734
ACAD,1931,162238
ACAD,1932,237596
ACAD,1933,262712
ACAD,1934,275956
ACAD,1935,316114
ACAD,1936,340393
ACAD,1937,383036
ACAD,1938,394319
ACAD,1939,396468
ACAD,1940,382084
ACAD,1941,409961
ACAD,1942,36544
ACAD,1943,8246
ACAD,1944,12916
ACAD,1945,20200
ACAD,1946,382390
ACAD,1947,434069
ACAD,1948,420846
ACAD,1949,438584
ACAD,1950,485220
ACAD,1951,518556
ACAD,1952,549075
ACAD,1953,556195
ACAD,1954,553800
ACAD,1955,655000
ACAD,1956,735500
ACAD,1957,858900
ACAD,1958,816500
ACAD,1959,755900
ACAD,1960,1638200
ACAD,1961,1574600
ACAD,1962,1601500
ACAD,1963,1864800
ACAD,1964,2011600
ACAD,1965,1733600
ACAD,1966,2158400
ACAD,1967,2102000
ACAD,1968,2303300
ACAD,1969,2489800
ACAD,1970,2776300
ACAD,1971,2101100
ACAD,1972,2285881
ACAD,1973,2394000
ACAD,1974,2335800
ACAD,1975,2380500
ACAD,1976,2353300
ACAD,1977,2734600
ACAD,1978,2684933
ACAD,1979,2787366
ACAD,1980,2779666
ACAD,1981,2997972
ACAD,1982,3572114
ACAD,1983,4124639
ACAD,1984,3734763
ACAD,1985,3745570
ACAD,1986,3929054
ACAD,1987,4288154
ACAD,1988,4502283
ACAD,1989,5440952
ACAD,1990,2339591
ACAD,1991,2475857
ACAD,1992,2382113
ACAD,1993,2656034
ACAD,1994,2710749
ACAD,1995,2845378
ACAD,1996,2704831
ACAD,1997,2760306
ACAD,1998,2594497
ACAD,1999,2602227
ACAD,2000,2469238
ACAD,2001,2516551
ACAD,2002,2558572
ACAD,2003,2431062
ACAD,2004,2207847
ACAD,2005,2051484
ACAD,2006,2083588
ACAD,2007,2202228
ACAD,2008,2075857
ACAD,2009,2227698
ACAD,2010,2504208
ACAD,2011,2374645
ACAD,2012,2431052
ACAD,2013,2254922
ACAD,2014,2563129
ACAD,2015,2811184
ACAD,2016,3303393
ACAD,2017,3509271
ACAD,2018,3537575
ACAD,2019,3437286
ACAD,2020,2669034
ARCH,1904,
ARCH,1905,
ARCH,1906,
ARCH,1907,
ARCH,1908,
ARCH,1909,
ARCH,1910,
ARCH,1911,
ARCH,1912,
ARCH,1913,
ARCH,1914,
ARCH,1915,
ARCH,1916,
ARCH,1917,
ARCH,1918,
ARCH,1919,
ARCH,1920,
ARCH,1921,
ARCH,1922,
ARCH,1923,
ARCH,1924,
ARCH,1925,
ARCH,1926,
ARCH,1927,
ARCH,1928,
ARCH,1929,500
ARCH,1930,400
ARCH,1931,405
ARCH,1932,480
ARCH,1933,425
ARCH,1934,275
ARCH,1935,300
ARCH,1936,400
ARCH,1937,1000
ARCH,1938,1448
ARCH,1939,1775
ARCH,1940,2512
ARCH,1941,3737
ARCH,1942,1205
ARCH,1943,776
ARCH,1944,642
ARCH,1945,682
ARCH,1946,2301
ARCH,1947,5028
ARCH,1948,8870
ARCH,1949,13270
ARCH,1950,16257
ARCH,1951,18603
ARCH,1952,28683
ARCH,1953,30853
ARCH,1954,31300
ARCH,1955,31800
ARCH,1956,28500
ARCH,1957,25400
ARCH,1958,40100
ARCH,1959,59800
ARCH,1960,71600
ARCH,1961,90700
ARCH,1962,105700
ARCH,1963,118200
ARCH,1964,99700
ARCH,1965,143900
ARCH,1966,128000
ARCH,1967,120300
ARCH,1968,135600
ARCH,1969,162600
ARCH,1970,178500
ARCH,1971,202100
ARCH,1972,225128
ARCH,1973,274900
ARCH,1974,166900
ARCH,1975,236100
ARCH,1976,294800
ARCH,1977,313400
ARCH,1978,326948
ARCH,1979,269840
ARCH,1980,290519
ARCH,1981,326508
ARCH,1982,339415
ARCH,1983,287875
ARCH,1984,345180
ARCH,1985,363464
ARCH,1986,419444
ARCH,1987,468916
ARCH,1988,520455
ARCH,1989,555809
ARCH,1990,620719
ARCH,1991,705882
ARCH,1992,799831
ARCH,1993,773678
ARCH,1994,777178
ARCH,1995,859374
ARCH,1996,856016
ARCH,1997,858525
ARCH,1998,837161
ARCH,1999,869980
ARCH,2000,786429
ARCH,2001,754026
ARCH,2002,769672
ARCH,2003,757781
ARCH,2004,733131
ARCH,2005,781670
ARCH,2006,833049
ARCH,2007,860181
ARCH,2008,928795
ARCH,2009,996312
ARCH,2010,1014405
ARCH,2011,1040758
ARCH,2012,1070577
ARCH,2013,1082866
ARCH,2014,1284767
ARCH,2015,1399247
ARCH,2016,1585718
ARCH,2017,1539028
ARCH,2018,1663557
ARCH,2019,1659702
ARCH,2020,1238083
BADL,1904,
BADL,1905,
BADL,1906,
BADL,1907,
BADL,1908,
BADL,1909,
BADL,1910,
BADL,1911,
BADL,1912,
BADL,1913,
BADL,1914,
BADL,1915,
BADL,1916,
BADL,1917,
BADL,1918,
BADL,1919,
BADL,1920,
BADL,1921,
BADL,1922,
BADL,1923,
BADL,1924,
BADL,1925,
BADL,1926,
BADL,1927,
BADL,1928,
BADL,1929,
BADL,1930,
BADL,1931,
BADL,1932,
BADL,1933,
BADL,1934,
BADL,1935,
BADL,1936,
BADL,1937,
BADL,1938,
BADL,1939,205100
BADL,1940,181993
BADL,1941,252248
BADL,1942,86256
BADL,1943,10149
BADL,1944,10349
BADL,1945,31377
BADL,1946,230403
BADL,1947,339843
BADL,1948,384133
BADL,1949,373076
BADL,1950,447654
BADL,1951,607965
BADL,1952,580902
BADL,1953,658691
BADL,1954,665000
BADL,1955,630900
BADL,1956,663200
BADL,1957,701100
BADL,1958,810800
BADL,1959,825200
BADL,1960,878600
BADL,1961,833300
BADL,1962,1044800
BADL,1963,1074000
BADL,1964,1079800
BADL,1965,1091300
BADL,1966,1094800
BADL,1967,1188700
BADL,1968,1194600
BADL,1969,1221300
BADL,1970,1303100
BADL,1971,1282000
BADL,1972,1274600
BADL,1973,1387900
BADL,1974,1205300
BADL,1975,1153200
BADL,1976,1210100
BADL,1977,1305400
BADL,1978,1234915
BADL,1979,858000
BADL,1980,952652
BADL,1981,1175952
BADL,1982,1030484
BADL,1983,1026981
BADL,1984,1113675
BADL,1985,950242
BADL,1986,1025630
BADL,1987,1174398
BADL,1988,1110040
BADL,1989,1237956
BADL,1990,1326475
BADL,1991,1518396
BADL,1992,1205297
BADL,1993,1179458
BADL,1994,1130459
BADL,1995,1075569
BADL,1996,1024705
BADL,1997,970696
BADL,1998,1021049
BADL,1999,950453
BADL,2000,1105824
BADL,2001,955469
BADL,2002,908898
BADL,2003,871034
BADL,2004,936030
BADL,2005,909146
BADL,2006,840118
BADL,2007,886654
BADL,2008,845734
BADL,2009,933918
BADL,2010,977778
BADL,2011,870741
BADL,2012,883406
BADL,2013,892372
BADL,2014,868094
BADL,2015,989354
BADL,2016,996263
BADL,2017,1054325
BADL,2018,1008942
BADL,2019,970998
BADL,2020,916932
BIBE,1904,
BIBE,1905,
BIBE,1906,
BIBE,1907,
BIBE,1908,
BIBE,1909,
BIBE,1910,
BIBE,1911,
BIBE,1912,
BIBE,1913,
BIBE,1914,
BIBE,1915,
BIBE,1916,
BIBE,1917,
BIBE,1918,
BIBE,1919,
BIBE,1920,
BIBE,1921,
BIBE,1922,
BIBE,1923,
BIBE,1924,
BIBE,1925,
BIBE,1926,
BIBE,1927,
BIBE,1928,
BIBE,1929,
BIBE,1930,
BIBE,1931,
BIBE,1932,
BIBE,1933,
BIBE,1934,
BIBE,1935,
BIBE,1936,
BIBE,1937,
BIBE,1938,
BIBE,1939,
BIBE,1940,
BIBE,1941,
BIBE,1942,
BIBE,1943,
BIBE,1944,1409
BIBE,1945,3205
BIBE,1946,10037
BIBE,1947,28652
BIBE,1948,45670
BIBE,1949,62150
BIBE,1950,70325
BIBE,1951,84051
BIBE,1952,94367
BIBE,1953,86635
BIBE,1954,67300
BIBE,1955,81000
BIBE,1956,89700
BIBE,1957,75000
BIBE,1958,72600
BIBE,1959,70400
BIBE,1960,75900
BIBE,1961,90600
BIBE,1962,91000
BIBE,1963,114200
BIBE,1964,119700
BIBE,1965,174600
BIBE,1966,163500
BIBE,1967,173300
BIBE,1968,191800
BIBE,1969,199800
BIBE,1970,172600
BIBE,1971,205000
BIBE,1972,240904
BIBE,1973,283300
BIBE,1974,158700
BIBE,1975,275500
BIBE,1976,378600
BIBE,1977,334000
BIBE,1978,301198
BIBE,1979,282941
BIBE,1980,174008
BIBE,1981,167332
BIBE,1982,180144
BIBE,1983,164926
BIBE,1984,167665
BIBE,1985,188045
BIBE,1986,200622
BIBE,1987,227921
BIBE,1988,239595
BIBE,1989,281728
BIBE,1990,257378
BIBE,1991,296470
BIBE,1992,294535
BIBE,1993,327907
BIBE,1994,330417
BIBE,1995,295460
BIBE,1996,279454
BIBE,1997,305882
BIBE,1998,338442
BIBE,1999,327649
BIBE,2000,262320
BIBE,2001,328927
BIBE,2002,327747
BIBE,2003,312384
BIBE,2004,357723
BIBE,2005,398583
BIBE,2006,298717
BIBE,2007,364856
BIBE,2008,362512
BIBE,2009,363905
BIBE,2010,372330
BIBE,2011,361862
BIBE,2012,292055
BIBE,2013,316953
BIBE,2014,314102
BIBE,2015,381747
BIBE,2016,388290
BIBE,2017,440276
BIBE,2018,440091
BIBE,2019,463832
BIBE,2020,393907
BISC,1904,
BISC,1905,
BISC,1906,
BISC,1907,
BISC,1908,
BISC,1909,
BISC,1910,
BISC,1911,
BISC,1912,
BISC,1913,
BISC,1914,
BISC,1915,
BISC,1916,
BISC,1917,
BISC,1918,
BISC,1919,
BISC,1920,
BISC,1921,
BISC,1922,
BISC,1923,
BISC,1924,
BISC,1925,
BISC,1926,
BISC,1927,
BISC,1928,
BISC,1929,
BISC,1930,
BISC,1931,
BISC,1932,
BISC,1933,
BISC,1934,
BISC,1935,
BISC,1936,
BISC,1937,
BISC,1938,
BISC,1939,
BISC,1940,
BISC,1941,
BISC,1942,
BISC,1943,
BISC,1944,
BISC,1945,
BISC,1946,
BISC,1947,
BISC,1948,
BISC,1949,
BISC,1950,
BISC,1951,
BISC,1952,
BISC,1953,
BISC,1954,
BISC,1955,
BISC,1956,
BISC,1957,
BISC,1958,
BISC,1959,
BISC,1960,
BISC,1961,
BISC,1962,
BISC,1963,
BISC,1964,
BISC,1965,
BISC,1966,
BISC,1967,
BISC,1968,
BISC,1969,
BISC,1970,
BISC,1971,
BISC,1972,78147
BISC,1973,243100
BISC,1974,409700
BISC,1975,351500
BISC,1976,339100
BISC,1977,205900
BISC,1978,177416
BISC,1979,202938
BISC,1980,248071
BISC,1981,305502
BISC,1982,348219
BISC,1983,369082
BISC,1984,340567
BISC,1985,460921
BISC,1986,578013
BISC,1987,607968
BISC,1988,531036
BISC,1989,589957
BISC,1990,573376
BISC,1991,488134
BISC,1992,307512
BISC,1993,19950
BISC,1994,25147
BISC,1995,584519
BISC,1996,338603
BISC,1997,392069
BISC,1998,403239
BISC,1999,442585
BISC,2000,393151
BISC,2001,489343
BISC,2002,513397
BISC,2003,490031
BISC,2004,478304
BISC,2005,563728
BISC,2006,608836
BISC,2007,517442
BISC,2008,686062
BISC,2009,437745
BISC,2010,467612
BISC,2011,476077
BISC,2012,495613
BISC,2013,486848
BISC,2014,525745
BISC,2015,508164
BISC,2016,514709
BISC,2017,446961
BISC,2018,469253
BISC,2019,708522
BISC,2020,402770
BLCA,1904,
BLCA,1905,
BLCA,1906,
BLCA,1907,
BLCA,1908,
BLCA,1909,
BLCA,1910,
BLCA,1911,
BLCA,1912,
BLCA,1913,
BLCA,1914,
BLCA,1915,
BLCA,1916,
BLCA,1917,
BLCA,1918,
BLCA,1919,
BLCA,1920,
BLCA,1921,
BLCA,1922,
BLCA,1923,
BLCA,1924,
BLCA,1925,
BLCA,1926,
BLCA,1927,
BLCA,1928,
BLCA,1929,
BLCA,1930,
BLCA,1931,
BLCA,1932,
BLCA,1933,
BLCA,1934,2592
BLCA,1935,1596
BLCA,1936,4833
BLCA,1937,9770
BLCA,1938,15151
BLCA,1939,16041
BLCA,1940,19307
BLCA,1941,18800
BLCA,1942,6264
BLCA,1943,2087
BLCA,1944,2351
BLCA,1945,4968
BLCA,1946,17573
BLCA,1947,22510
BLCA,1948,26679
BLCA,1949,29739
BLCA,1950,26487
BLCA,1951,31448
BLCA,1952,38449
BLCA,1953,51763
BLCA,1954,51400
BLCA,1955,57200
BLCA,1956,62000
BLCA,1957,48900
BLCA,1958,93000
BLCA,1959,100800
BLCA,1960,122500
BLCA,1961,115000
BLCA,1962,131800
BLCA,1963,146600
BLCA,1964,168200
BLCA,1965,184000
BLCA,1966,181000
BLCA,1967,185100
BLCA,1968,215900
BLCA,1969,302600
BLCA,1970,249000
BLCA,1971,223600
BLCA,1972,273322
BLCA,1973,234800
BLCA,1974,267100
BLCA,1975,348900
BLCA,1976,373600
BLCA,1977,310500
BLCA,1978,271879
BLCA,1979,234286
BLCA,1980,336119
BLCA,1981,266604
BLCA,1982,227428
BLCA,1983,291618
BLCA,1984,253048
BLCA,1985,266012
BLCA,1986,289117
BLCA,1987,285439
BLCA,1988,269073
BLCA,1989,288586
BLCA,1990,275323
BLCA,1991,316336
BLCA,1992,337209
BLCA,1993,319322
BLCA,1994,214194
BLCA,1995,221113
BLCA,1996,200125
BLCA,1997,209863
BLCA,1998,193451
BLCA,1999,200142
BLCA,2000,191506
BLCA,2001,181018
BLCA,2002,173687
BLCA,2003,167247
BLCA,2004,175581
BLCA,2005,180814
BLCA,2006,160450
BLCA,2007,219576
BLCA,2008,160185
BLCA,2009,171451
BLCA,2010,176344
BLCA,2011,168336
BLCA,2012,192570
BLCA,2013,175852
BLCA,2014,183045
BLCA,2015,209166
BLCA,2016,238018
BLCA,2017,307143
BLCA,2018,308962
BLCA,2019,432818
BLCA,2020,341620
BRCA,1904,
BRCA,1905,
BRCA,1906,
BRCA,1907,
BRCA,1908,
BRCA,1909,
BRCA,1910,
BRCA,1911,
BRCA,1912,
BRCA,1913,
BRCA,1914,
BRCA,1915,
BRCA,1916,
BRCA,1917,
BRCA,1918,
BRCA,1919,
BRCA,1920,
BRCA,1921,
BRCA,1922,
BRCA,1923,
BRCA,1924,
BRCA,1925,
BRCA,1926,
BRCA,1927,
BRCA,1928,
BRCA,1929,21997
BRCA,1930,35982
BRCA,1931,41572
BRCA,1932,34143
BRCA,1933,32878
BRCA,1934,51188
BRCA,1935,63703
BRCA,1936,88848
BRCA,1937,94331
BRCA,1938,101851
BRCA,1939,101500
BRCA,1940,103362
BRCA,1941,124563
BRCA,1942,30019
BRCA,1943,7690
BRCA,1944,10311
BRCA,1945,33463
BRCA,1946,125828
BRCA,1947,163172
BRCA,1948,175975
BRCA,1949,192552
BRCA,1950,212976
BRCA,1951,224801
BRCA,1952,225113
BRCA,1953,242820
BRCA,1954,238200
BRCA,1955,254200
BRCA,1956,257600
BRCA,1957,263000
BRCA,1958,248500
BRCA,1959,278300
BRCA,1960,272000
BRCA,1961,264800
BRCA,1962,251000
BRCA,1963,289500
BRCA,1964,300300
BRCA,1965,366800
BRCA,1966,396600
BRCA,1967,295000
BRCA,1968,320800
BRCA,1969,366900
BRCA,1970,345900
BRCA,1971,377800
BRCA,1972,424830
BRCA,1973,429700
BRCA,1974,408800
BRCA,1975,579200
BRCA,1976,625600
BRCA,1977,611500
BRCA,1978,679260
BRCA,1979,558095
BRCA,1980,571541
BRCA,1981,474092
BRCA,1982,471517
BRCA,1983,472633
BRCA,1984,495104
BRCA,1985,500782
BRCA,1986,578018
BRCA,1987,718342
BRCA,1988,791348
BRCA,1989,808045
BRCA,1990,862659
BRCA,1991,929067
BRCA,1992,1018174
BRCA,1993,1107951
BRCA,1994,1028134
BRCA,1995,994548
BRCA,1996,1269600
BRCA,1997,1174824
BRCA,1998,1166331
BRCA,1999,1081521
BRCA,2000,1099275
BRCA,2001,1068619
BRCA,2002,886436
BRCA,2003,903760
BRCA,2004,987253
BRCA,2005,1017681
BRCA,2006,890676
BRCA,2007,1012563
BRCA,2008,1043321
BRCA,2009,1216377
BRCA,2010,1285492
BRCA,2011,1296000
BRCA,2012,1385352
BRCA,2013,1311875
BRCA,2014,1435741
BRCA,2015,1745804
BRCA,2016,2365110
BRCA,2017,2571684
BRCA,2018,2679478
BRCA,2019,2594904
BRCA,2020,1464655
CANY,1904,
CANY,1905,
CANY,1906,
CANY,1907,
CANY,1908,
CANY,1909,
CANY,1910,
CANY,1911,
CANY,1912,
CANY,1913,
CANY,1914,
CANY,1915,
CANY,1916,
CANY,1917,
CANY,1918,
CANY,1919,
CANY,1920,
CANY,1921,
CANY,1922,
CANY,1923,
CANY,1924,
CANY,1925,
CANY,1926,
CANY,1927,
CANY,1928,
CANY,1929,
CANY,1930,
CANY,1931,
CANY,1932,
CANY,1933,
CANY,1934,
CANY,1935,
CANY,1936,
CANY,1937,
CANY,1938,
CANY,1939,
CANY,1940,
CANY,1941,
CANY,1942,
CANY,1943,
CANY,1944,
CANY,1945,
CANY,1946,
CANY,1947,
CANY,1948,
CANY,1949,
CANY,1950,
CANY,1951,
CANY,1952,
CANY,1953,
CANY,1954,
CANY,1955,
CANY,1956,
CANY,1957,
CANY,1958,
CANY,1959,
CANY,1960,
CANY,1961,
CANY,1962,
CANY,1963,
CANY,1964,
CANY,1965,19400
CANY,1966,20200
CANY,1967,23200
CANY,1968,26300
CANY,1969,26000
CANY,1970,33400
CANY,1971,55400
CANY,1972,60639
CANY,1973,62500
CANY,1974,59000
CANY,1975,71700
CANY,1976,80000
CANY,1977,75500
CANY,1978,85932
CANY,1979,74545
CANY,1980,56505
CANY,1981,89915
CANY,1982,97079
CANY,1983,100022
CANY,1984,102533
CANY,1985,116672
CANY,1986,172987
CANY,1987,172384
CANY,1988,212100
CANY,1989,257411
CANY,1990,276831
CANY,1991,339315
CANY,1992,395698
CANY,1993,434844
CANY,1994,429921
CANY,1995,448769
CANY,1996,447527
CANY,1997,432697
CANY,1998,436524
CANY,1999,446160
CANY,2000,401558
CANY,2001,368592
CANY,2002,367078
CANY,2003,386986
CANY,2004,371706
CANY,2005,393381
CANY,2006,392537
CANY,2007,417560
CANY,2008,436715
CANY,2009,436241
CANY,2010,435908
CANY,2011,473773
CANY,2012,452952
CANY,2013,462242
CANY,2014,542431
CANY,2015,634607
CANY,2016,776218
CANY,2017,742271
CANY,2018,739449
CANY,2019,733996
CANY,2020,493914
CARE,1904,
CARE,1905,
CARE,1906,
CARE,1907,
CARE,1908,
CARE,1909,
CARE,1910,
CARE,1911,
CARE,1912,
CARE,1913,
CARE,1914,
CARE,1915,
CARE,1916,
CARE,1917,
CARE,1918,
CARE,1919,
CARE,1920,
CARE,1921,
CARE,1922,
CARE,1923,
CARE,1924,
CARE,1925,
CARE,1926,
CARE,1927,
CARE,1928,
CARE,1929,
CARE,1930,
CARE,1931,
CARE,1932,
CARE,1933,
CARE,1934,
CARE,1935,
CARE,1936,
CARE,1937,
CARE,1938,1500
CARE,1939,1500
CARE,1940,2000
CARE,1941,1975
CARE,1942,0
CARE,1943,0
CARE,1944,0
CARE,1945,0
CARE,1946,0
CARE,1947,0
CARE,1948,
CARE,1949,
CARE,1950,3066
CARE,1951,13192
CARE,1952,6411
CARE,1953,9991
CARE,1954,12900
CARE,1955,7500
CARE,1956,62500
CARE,1957,56900
CARE,1958,65000
CARE,1959,89600
CARE,1960,102500
CARE,1961,136800
CARE,1962,163500
CARE,1963,93200
CARE,1964,92500
CARE,1965,108500
CARE,1966,94000
CARE,1967,146600
CARE,1968,171000
CARE,1969,210600
CARE,1970,225900
CARE,1971,225500
CARE,1972,251163
CARE,1973,288800
CARE,1974,214100
CARE,1975,263400
CARE,1976,425100
CARE,1977,428800
CARE,1978,392428
CARE,1979,288860
CARE,1980,342788
CARE,1981,397789
CARE,1982,289486
CARE,1983,331734
CARE,1984,296230
CARE,1985,320503
CARE,1986,383742
CARE,1987,428808
CARE,1988,469556
CARE,1989,515278
CARE,1990,562477
CARE,1991,618056
CARE,1992,675837
CARE,1993,610707
CARE,1994,605324
CARE,1995,648864
CARE,1996,678012
CARE,1997,625680
CARE,1998,656026
CARE,1999,680153
CARE,2000,612656
CARE,2001,527760
CARE,2002,525646
CARE,2003,535441
CARE,2004,549708
CARE,2005,550255
CARE,2006,511511
CARE,2007,554907
CARE,2008,604811
CARE,2009,617208
CARE,2010,662661
CARE,2011,668834
CARE,2012,673345
CARE,2013,663670
CARE,2014,786514
CARE,2015,941029
CARE,2016,1064904
CARE,2017,1150165
CARE,2018,1227627
CARE,2019,1226519
CARE,2020,981038
CAVE,1904,
CAVE,1905,
CAVE,1906,
CAVE,1907,
CAVE,1908,
CAVE,1909,
CAVE,1910,
CAVE,1911,
CAVE,1912,
CAVE,1913,
CAVE,1914,
CAVE,1915,
CAVE,1916,
CAVE,1917,
CAVE,1918,
CAVE,1919,
CAVE,1920,
CAVE,1921,
CAVE,1922,
CAVE,1923,
CAVE,1924,1280
CAVE,1925,1794
CAVE,1926,10904
CAVE,1927,26436
CAVE,1928,46335
CAVE,1929,76822
CAVE,1930,90104
CAVE,1931,81275
CAVE,1932,61474
CAVE,1933,53768
CAVE,1934,88349
CAVE,1935,113753
CAVE,1936,148129
CAVE,1937,201333
CAVE,1938,205765
CAVE,1939,212348
CAVE,1940,236653
CAVE,1941,285418
CAVE,1942,124809
CAVE,1943,89128
CAVE,1944,122467
CAVE,1945,193237
CAVE,1946,380465
CAVE,1947,405266
CAVE,1948,435481
CAVE,1949,431187
CAVE,1950,467283
CAVE,1951,493618
CAVE,1952,531751
CAVE,1953,510318
CAVE,1954,444300
CAVE,1955,466200
CAVE,1956,455000
CAVE,1957,451100
CAVE,1958,435200
CAVE,1959,483900
CAVE,1960,537000
CAVE,1961,590000
CAVE,1962,556000
CAVE,1963,586600
CAVE,1964,588000
CAVE,1965,591000
CAVE,1966,604800
CAVE,1967,630800
CAVE,1968,668400
CAVE,1969,672900
CAVE,1970,712700
CAVE,1971,791600
CAVE,1972,856086
CAVE,1973,840100
CAVE,1974,672400
CAVE,1975,790000
CAVE,1976,876500
CAVE,1977,862800
CAVE,1978,867277
CAVE,1979,721647
CAVE,1980,672963
CAVE,1981,771766
CAVE,1982,781963
CAVE,1983,712247
CAVE,1984,712989
CAVE,1985,732482
CAVE,1986,752552
CAVE,1987,781300
CAVE,1988,786135
CAVE,1989,792378
CAVE,1990,747016
CAVE,1991,679450
CAVE,1992,688742
CAVE,1993,687161
CAVE,1994,617087
CAVE,1995,588609
CAVE,1996,557217
CAVE,1997,540797
CAVE,1998,522076
CAVE,1999,514418
CAVE,2000,469303
CAVE,2001,455621
CAVE,2002,476259
CAVE,2003,457631
CAVE,2004,419599
CAVE,2005,413786
CAVE,2006,407367
CAVE,2007,409560
CAVE,2008,400381
CAVE,2009,432639
CAVE,2010,428524
CAVE,2011,365000
CAVE,2012,381058
CAVE,2013,388566
CAVE,2014,397309
CAVE,2015,445720
CAVE,2016,466773
CAVE,2017,520026
CAVE,2018,465912
CAVE,2019,440691
CAVE,2020,183835
CHIS,1904,
CHIS,1905,
CHIS,1906,
CHIS,1907,
CHIS,1908,
CHIS,1909,
CHIS,1910,
CHIS,1911,
CHIS,1912,
CHIS,1913,
CHIS,1914,
CHIS,1915,
CHIS,1916,
CHIS,1917,
CHIS,1918,
CHIS,1919,
CHIS,1920,
CHIS,1921,
CHIS,1922,
CHIS,1923,
CHIS,1924,
CHIS,1925,
CHIS,1926,
CHIS,1927,
CHIS,1928,
CHIS,1929,
CHIS,1930,
CHIS,1931,
CHIS,1932,
CHIS,1933,
CHIS,1934,
CHIS,1935,
CHIS,1936,
CHIS,1937,
CHIS,1938,
CHIS,1939,
CHIS,1940,
CHIS,1941,
CHIS,1942,
CHIS,1943,
CHIS,1944,
CHIS,1945,
CHIS,1946,
CHIS,1947,
CHIS,1948,
CHIS,1949,
CHIS,1950,
CHIS,1951,
CHIS,1952,
CHIS,1953,
CHIS,1954,
CHIS,1955,
CHIS,1956,
CHIS,1957,
CHIS,1958,
CHIS,1959,
CHIS,1960,
CHIS,1961,
CHIS,1962,
CHIS,1963,1200
CHIS,1964,1500
CHIS,1965,1600
CHIS,1966,300
CHIS,1967,15700
CHIS,1968,31000
CHIS,1969,33100
CHIS,1970,32000
CHIS,1971,24400
CHIS,1972,31947
CHIS,1973,44700
CHIS,1974,31000
CHIS,1975,74400
CHIS,1976,92600
CHIS,1977,87200
CHIS,1978,46416
CHIS,1979,82937
CHIS,1980,104574
CHIS,1981,87514
CHIS,1982,172287
CHIS,1983,205024
CHIS,1984,203411
CHIS,1985,164132
CHIS,1986,172913
CHIS,1987,174607
CHIS,1988,168592
CHIS,1989,152662
CHIS,1990,144083
CHIS,1991,149263
CHIS,1992,169181
CHIS,1993,184867
CHIS,1994,175226
CHIS,1995,525882
CHIS,1996,490715
CHIS,1997,488757
CHIS,1998,574270
CHIS,1999,607057
CHIS,2000,482571
CHIS,2001,520428
CHIS,2002,613935
CHIS,2003,585919
CHIS,2004,537716
CHIS,2005,434107
CHIS,2006,375256
CHIS,2007,360806
CHIS,2008,332177
CHIS,2009,348745
CHIS,2010,277515
CHIS,2011,242756
CHIS,2012,249594
CHIS,2013,212029
CHIS,2014,342161
CHIS,2015,324816
CHIS,2016,364807
CHIS,2017,383687
CHIS,2018,366250
CHIS,2019,409630
CHIS,2020,167290
CONG,1904,
CONG,1905,
CONG,1906,
CONG,1907,
CONG,1908,
CONG,1909,
CONG,1910,
CONG,1911,
CONG,1912,
CONG,1913,
CONG,1914,
CONG,1915,
CONG,1916,
CONG,1917,
CONG,1918,
CONG,1919,
CONG,1920,
CONG,1921,
CONG,1922,
CONG,1923,
CONG,1924,
CONG,1925,
CONG,1926,
CONG,1927,
CONG,1928,
CONG,1929,
CONG,1930,
CONG,1931,
CONG,1932,
CONG,1933,
CONG,1934,
CONG,1935,
CONG,1936,
CONG,1937,
CONG,1938,
CONG,1939,
CONG,1940,
CONG,1941,
CONG,1942,
CONG,1943,
CONG,1944,
CONG,1945,
CONG,1946,
CONG,1947,
CONG,1948,
CONG,1949,
CONG,1950,
CONG,1951,
CONG,1952,
CONG,1953,
CONG,1954,
CONG,1955,
CONG,1956,
CONG,1957,
CONG,1958,
CONG,1959,
CONG,1960,
CONG,1961,
CONG,1962,
CONG,1963,
CONG,1964,
CONG,1965,
CONG,1966,
CONG,1967,
CONG,1968,
CONG,1969,
CONG,1970,
CONG,1971,
CONG,1972,
CONG,1973,
CONG,1974,
CONG,1975,
CONG,1976,
CONG,1977,
CONG,1978,
CONG,1979,
CONG,1980,
CONG,1981,
CONG,1982,
CONG,1983,
CONG,1984,
CONG,1985,12332
CONG,1986,16508
CONG,1987,20312
CONG,1988,26257
CONG,1989,25445
CONG,1990,23223
CONG,1991,30975
CONG,1992,40018
CONG,1993,54669
CONG,1994,67756
CONG,1995,67949
CONG,1996,62614
CONG,1997,70716
CONG,1998,93725
CONG,1999,82223
CONG,2000,95619
CONG,2001,119738
CONG,2002,101620
CONG,2003,107114
CONG,2004,126247
CONG,2005,84301
CONG,2006,134045
CONG,2007,115524
CONG,2008,104913
CONG,2009,122970
CONG,2010,121208
CONG,2011,120166
CONG,2012,109685
CONG,2013,120340
CONG,2014,120122
CONG,2015,87513
CONG,2016,143843
CONG,2017,159595
CONG,2018,145929
CONG,2019,159445
CONG,2020,119306
CRLA,1904,1500
CRLA,1905,1400
CRLA,1906,1800
CRLA,1907,2600
CRLA,1908,5275
CRLA,1909,4171
CRLA,1910,5000
CRLA,1911,4500
CRLA,1912,5235
CRLA,1913,6253
CRLA,1914,7096
CRLA,1915,11371
CRLA,1916,12265
CRLA,1917,11645
CRLA,1918,13231
CRLA,1919,16645
CRLA,1920,20135
CRLA,1921,28617
CRLA,1922,33016
CRLA,1923,52017
CRLA,1924,64312
CRLA,1925,65018
CRLA,1926,86019
CRLA,1927,82354
CRLA,1928,113323
CRLA,1929,128435
CRLA,1930,157693
CRLA,1931,170284
CRLA,1932,109738
CRLA,1933,90512
CRLA,1934,118699
CRLA,1935,107701
CRLA,1936,180382
CRLA,1937,202403
CRLA,1938,190699
CRLA,1939,225101
CRLA,1940,252482
CRLA,1941,274002
CRLA,1942,88568
CRLA,1943,28850
CRLA,1944,44389
CRLA,1945,79535
CRLA,1946,208640
CRLA,1947,378000
CRLA,1948,313580
CRLA,1949,330829
CRLA,1950,310796
CRLA,1951,289286
CRLA,1952,312677
CRLA,1953,332835
CRLA,1954,370600
CRLA,1955,343800
CRLA,1956,359800
CRLA,1957,330500
CRLA,1958,333900
CRLA,1959,341000
CRLA,1960,397700
CRLA,1961,415600
CRLA,1962,592400
CRLA,1963,475700
CRLA,1964,494100
CRLA,1965,480500
CRLA,1966,552500
CRLA,1967,499400
CRLA,1968,578300
CRLA,1969,544900
CRLA,1970,535000
CRLA,1971,535000
CRLA,1972,566655
CRLA,1973,505300
CRLA,1974,496100
CRLA,1975,356500
CRLA,1976,532700
CRLA,1977,558300
CRLA,1978,553374
CRLA,1979,410749
CRLA,1980,455143
CRLA,1981,503404
CRLA,1982,435589
CRLA,1983,379008
CRLA,1984,419829
CRLA,1985,390604
CRLA,1986,402789
CRLA,1987,460550
CRLA,1988,443430
CRLA,1989,430734
CRLA,1990,384941
CRLA,1991,456931
CRLA,1992,461668
CRLA,1993,381747
CRLA,1994,454215
CRLA,1995,496041
CRLA,1996,476957
CRLA,1997,451548
CRLA,1998,471865
CRLA,1999,417992
CRLA,2000,426883
CRLA,2001,457373
CRLA,2002,456620
CRLA,2003,479183
CRLA,2004,417066
CRLA,2005,447240
CRLA,2006,388972
CRLA,2007,468958
CRLA,2008,415686
CRLA,2009,446516
CRLA,2010,448319
CRLA,2011,423551
CRLA,2012,447251
CRLA,2013,523027
CRLA,2014,535508
CRLA,2015,614712
CRLA,2016,756344
CRLA,2017,711749
CRLA,2018,720659
CRLA,2019,704512
CRLA,2020,670500
CUVA,1904,
CUVA,1905,
CUVA,1906,
CUVA,1907,
CUVA,1908,
CUVA,1909,
CUVA,1910,
CUVA,1911,
CUVA,1912,
CUVA,1913,
CUVA,1914,
CUVA,1915,
CUVA,1916,
CUVA,1917,
CUVA,1918,
CUVA,1919,
CUVA,1920,
CUVA,1921,
CUVA,1922,
CUVA,1923,
CUVA,1924,
CUVA,1925,
CUVA,1926,
CUVA,1927,
CUVA,1928,
CUVA,1929,
CUVA,1930,
CUVA,1931,
CUVA,1932,
CUVA,1933,
CUVA,1934,
CUVA,1935,
CUVA,1936,
CUVA,1937,
CUVA,1938,
CUVA,1939,
CUVA,1940,
CUVA,1941,
CUVA,1942,
CUVA,1943,
CUVA,1944,
CUVA,1945,
CUVA,1946,
CUVA,1947,
CUVA,1948,
CUVA,1949,
CUVA,1950,
CUVA,1951,
CUVA,1952,
CUVA,1953,
CUVA,1954,
CUVA,1955,
CUVA,1956,
CUVA,1957,
CUVA,1958,
CUVA,1959,
CUVA,1960,
CUVA,1961,
CUVA,1962,
CUVA,1963,
CUVA,1964,
CUVA,1965,
CUVA,1966,
CUVA,1967,
CUVA,1968,
CUVA,1969,
CUVA,1970,
CUVA,1971,
CUVA,1972,
CUVA,1973,
CUVA,1974,
CUVA,1975,
CUVA,1976,
CUVA,1977,
CUVA,1978,496400
CUVA,1979,543025
CUVA,1980,563300
CUVA,1981,596300
CUVA,1982,717815
CUVA,1983,939562
CUVA,1984,1018828
CUVA,1985,1004858
CUVA,1986,1042148
CUVA,1987,1113405
CUVA,1988,1229717
CUVA,1989,1159648
CUVA,1990,1200622
CUVA,1991,1358984
CUVA,1992,1430382
CUVA,1993,2266139
CUVA,1994,3266401
CUVA,1995,3195207
CUVA,1996,3455878
CUVA,1997,3527837
CUVA,1998,3467107
CUVA,1999,3324284
CUVA,2000,3324918
CUVA,2001,3123353
CUVA,2002,3217935
CUVA,2003,2879591
CUVA,2004,3306175
CUVA,2005,2533827
CUVA,2006,2468816
CUVA,2007,2486656
CUVA,2008,2828233
CUVA,2009,2589288
CUVA,2010,2492670
CUVA,2011,2161185
CUVA,2012,2299722
CUVA,2013,2103010
CUVA,2014,2189849
CUVA,2015,2284612
CUVA,2016,2423390
CUVA,2017,2226879
CUVA,2018,2096053
CUVA,2019,2237997
CUVA,2020,2755628
DEVA,1904,
DEVA,1905,
DEVA,1906,
DEVA,1907,
DEVA,1908,
DEVA,1909,
DEVA,1910,
DEVA,1911,
DEVA,1912,
DEVA,1913,
DEVA,1914,
DEVA,1915,
DEVA,1916,
DEVA,1917,
DEVA,1918,
DEVA,1919,
DEVA,1920,
DEVA,1921,
DEVA,1922,
DEVA,1923,
DEVA,1924,
DEVA,1925,
DEVA,1926,
DEVA,1927,
DEVA,1928,
DEVA,1929,
DEVA,1930,
DEVA,1931,
DEVA,1932,
DEVA,1933,9970
DEVA,1934,19678
DEVA,1935,42061
DEVA,1936,40815
DEVA,1937,48874
DEVA,1938,58320
DEVA,1939,61301
DEVA,1940,80842
DEVA,1941,100829
DEVA,1942,44755
DEVA,1943,14374
DEVA,1944,13661
DEVA,1945,31112
DEVA,1946,100976
DEVA,1947,161953
DEVA,1948,162150
DEVA,1949,208557
DEVA,1950,189045
DEVA,1951,219520
DEVA,1952,296106
DEVA,1953,338899
DEVA,1954,337900
DEVA,1955,342200
DEVA,1956,300100
DEVA,1957,333400
DEVA,1958,334300
DEVA,1959,335700
DEVA,1960,355900
DEVA,1961,397900
DEVA,1962,363400
DEVA,1963,408100
DEVA,1964,403600
DEVA,1965,453000
DEVA,1966,437800
DEVA,1967,476700
DEVA,1968,469600
DEVA,1969,458800
DEVA,1970,580500
DEVA,1971,290900
DEVA,1972,293999
DEVA,1973,315400
DEVA,1974,368800
DEVA,1975,545500
DEVA,1976,582400
DEVA,1977,620400
DEVA,1978,673610
DEVA,1979,631152
DEVA,1980,618140
DEVA,1981,630402
DEVA,1982,679992
DEVA,1983,635582
DEVA,1984,621197
DEVA,1985,576679
DEVA,1986,586668
DEVA,1987,665345
DEVA,1988,692267
DEVA,1989,664449
DEVA,1990,690965
DEVA,1991,743608
DEVA,1992,869183
DEVA,1993,998474
DEVA,1994,971487
DEVA,1995,1109421
DEVA,1996,1189215
DEVA,1997,1188212
DEVA,1998,1177746
DEVA,1999,1227583
DEVA,2000,1179094
DEVA,2001,1014636
DEVA,2002,897596
DEVA,2003,890375
DEVA,2004,764820
DEVA,2005,800113
DEVA,2006,744440
DEVA,2007,704122
DEVA,2008,871938
DEVA,2009,828574
DEVA,2010,984775
DEVA,2011,946867
DEVA,2012,984568
DEVA,2013,951972
DEVA,2014,1101312
DEVA,2015,1154843
DEVA,2016,1296283
DEVA,2017,1294827
DEVA,2018,1678660
DEVA,2019,1740945
DEVA,2020,820023
DRTO,1904,
DRTO,1905,
DRTO,1906,
DRTO,1907,
DRTO,1908,
DRTO,1909,
DRTO,1910,
DRTO,1911,
DRTO,1912,
DRTO,1913,
DRTO,1914,
DRTO,1915,
DRTO,1916,
DRTO,1917,
DRTO,1918,
DRTO,1919,
DRTO,1920,
DRTO,1921,
DRTO,1922,
DRTO,1923,
DRTO,1924,
DRTO,1925,
DRTO,1926,
DRTO,1927,
DRTO,1928,
DRTO,1929,
DRTO,1930,
DRTO,1931,
DRTO,1932,
DRTO,1933,
DRTO,1934,
DRTO,1935,
DRTO,1936,
DRTO,1937,706
DRTO,1938,1130
DRTO,1939,1500
DRTO,1940,1141
DRTO,1941,757
DRTO,1942,0
DRTO,1943,0
DRTO,1944,0
DRTO,1945,2154
DRTO,1946,8787
DRTO,1947,6685
DRTO,1948,5968
DRTO,1949,7355
DRTO,1950,7025
DRTO,1951,5405
DRTO,1952,4376
DRTO,1953,6708
DRTO,1954,6200
DRTO,1955,4300
DRTO,1956,5000
DRTO,1957,3600
DRTO,1958,4200
DRTO,1959,4400
DRTO,1960,8900
DRTO,1961,14400
DRTO,1962,7700
DRTO,1963,26200
DRTO,1964,43200
DRTO,1965,32200
DRTO,1966,35300
DRTO,1967,22100
DRTO,1968,9000
DRTO,1969,6900
DRTO,1970,12900
DRTO,1971,4000
DRTO,1972,5066
DRTO,1973,6100
DRTO,1974,5100
DRTO,1975,9700
DRTO,1976,8900
DRTO,1977,11600
DRTO,1978,10361
DRTO,1979,9076
DRTO,1980,8644
DRTO,1981,10150
DRTO,1982,10700
DRTO,1983,11004
DRTO,1984,11900
DRTO,1985,13213
DRTO,1986,15379
DRTO,1987,16315
DRTO,1988,16937
DRTO,1989,19441
DRTO,1990,19402
DRTO,1991,18231
DRTO,1992,21581
DRTO,1993,24020
DRTO,1994,16736
DRTO,1995,32870
DRTO,1996,35127
DRTO,1997,47224
DRTO,1998,60136
DRTO,1999,74186
DRTO,2000,83704
DRTO,2001,79186
DRTO,2002,79582
DRTO,2003,74741
DRTO,2004,67917
DRTO,2005,61765
DRTO,2006,64122
DRTO,2007,60895
DRTO,2008,63947
DRTO,2009,52011
DRTO,2010,53890
DRTO,2011,75171
DRTO,2012,60550
DRTO,2013,58401
DRTO,2014,64865
DRTO,2015,70862
DRTO,2016,73661
DRTO,2017,54281
DRTO,2018,56810
DRTO,2019,79200
DRTO,2020,48543
EVER,1904,
EVER,1905,
EVER,1906,
EVER,1907,
EVER,1908,
EVER,1909,
EVER,1910,
EVER,1911,
EVER,1912,
EVER,1913,
EVER,1914,
EVER,1915,
EVER,1916,
EVER,1917,
EVER,1918,
EVER,1919,
EVER,1920,
EVER,1921,
EVER,1922,
EVER,1923,
EVER,1924,
EVER,1925,
EVER,1926,
EVER,1927,
EVER,1928,
EVER,1929,
EVER,1930,
EVER,1931,
EVER,1932,
EVER,1933,
EVER,1934,
EVER,1935,
EVER,1936,
EVER,1937,
EVER,1938,
EVER,1939,
EVER,1940,
EVER,1941,
EVER,1942,
EVER,1943,
EVER,1944,
EVER,1945,
EVER,1946,
EVER,1947,
EVER,1948,7482
EVER,1949,94927
EVER,1950,123405
EVER,1951,142971
EVER,1952,168621
EVER,1953,206773
EVER,1954,218000
EVER,1955,247100
EVER,1956,267000
EVER,1957,344700
EVER,1958,443300
EVER,1959,500200
EVER,1960,579200
EVER,1961,566800
EVER,1962,626100
EVER,1963,669200
EVER,1964,792600
EVER,1965,977600
EVER,1966,1017100
EVER,1967,1098300
EVER,1968,1251500
EVER,1969,1187200
EVER,1970,1273500
EVER,1971,1100500
EVER,1972,1534328
EVER,1973,1044000
EVER,1974,781200
EVER,1975,782400
EVER,1976,955700
EVER,1977,948000
EVER,1978,923714
EVER,1979,718102
EVER,1980,744244
EVER,1981,564721
EVER,1982,550168
EVER,1983,577439
EVER,1984,628658
EVER,1985,697646
EVER,1986,739072
EVER,1987,787493
EVER,1988,1026188
EVER,1989,913372
EVER,1990,957925
EVER,1991,1292014
EVER,1992,1025686
EVER,1993,973706
EVER,1994,886455
EVER,1995,820466
EVER,1996,890167
EVER,1997,989532
EVER,1998,1118215
EVER,1999,1073982
EVER,2000,995390
EVER,2001,1049851
EVER,2002,968909
EVER,2003,1040648
EVER,2004,1181355
EVER,2005,1233837
EVER,2006,954022
EVER,2007,1074764
EVER,2008,822118
EVER,2009,900882
EVER,2010,915538
EVER,2011,934351
EVER,2012,1141906
EVER,2013,1047116
EVER,2014,1110901
EVER,2015,1077427
EVER,2016,930907
EVER,2017,1018557
EVER,2018,597124
EVER,2019,1118300
EVER,2020,702319
GAAR,1904,
GAAR,1905,
GAAR,1906,
GAAR,1907,
GAAR,1908,
GAAR,1909,
GAAR,1910,
GAAR,1911,
GAAR,1912,
GAAR,1913,
GAAR,1914,
GAAR,1915,
GAAR,1916,
GAAR,1917,
GAAR,1918,
GAAR,1919,
GAAR,1920,
GAAR,1921,
GAAR,1922,
GAAR,1923,
GAAR,1924,
GAAR,1925,
GAAR,1926,
GAAR,1927,
GAAR,1928,
GAAR,1929,
GAAR,1930,
GAAR,1931,
GAAR,1932,
GAAR,1933,
GAAR,1934,
GAAR,1935,
GAAR,1936,
GAAR,1937,
GAAR,1938,
GAAR,1939,
GAAR,1940,
GAAR,1941,
GAAR,1942,
GAAR,1943,
GAAR,1944,
GAAR,1945,
GAAR,1946,
GAAR,1947,
GAAR,1948,
GAAR,1949,
GAAR,1950,
GAAR,1951,
GAAR,1952,
GAAR,1953,
GAAR,1954,
GAAR,1955,
GAAR,1956,
GAAR,1957,
GAAR,1958,
GAAR,1959,
GAAR,1960,
GAAR,1961,
GAAR,1962,
GAAR,1963,
GAAR,1964,
GAAR,1965,
GAAR,1966,
GAAR,1967,
GAAR,1968,
GAAR,1969,
GAAR,1970,
GAAR,1971,
GAAR,1972,
GAAR,1973,
GAAR,1974,
GAAR,1975,
GAAR,1976,
GAAR,1977,
GAAR,1978,
GAAR,1979,
GAAR,1980,
GAAR,1981,
GAAR,1982,1381
GAAR,1983,2138
GAAR,1984,2440
GAAR,1985,1381
GAAR,1986,2801
GAAR,1987,1060
GAAR,1988,1258
GAAR,1989,822
GAAR,1990,1010
GAAR,1991,1154
GAAR,1992,2116
GAAR,1993,2245
GAAR,1994,1726
GAAR,1995,7074
GAAR,1996,6448
GAAR,1997,6949
GAAR,1998,8266
GAAR,1999,8166
GAAR,2000,11278
GAAR,2001,4505
GAAR,2002,6648
GAAR,2003,5075
GAAR,2004,10282
GAAR,2005,9459
GAAR,2006,9982
GAAR,2007,10942
GAAR,2008,11397
GAAR,2009,9975
GAAR,2010,10840
GAAR,2011,11623
GAAR,2012,10899
GAAR,2013,11012
GAAR,2014,12669
GAAR,2015,10745
GAAR,2016,10047
GAAR,2017,11177
GAAR,2018,9591
GAAR,2019,10518
GAAR,2020,2872
GLBA,1904,
GLBA,1905,
GLBA,1906,
GLBA,1907,
GLBA,1908,
GLBA,1909,
GLBA,1910,
GLBA,1911,
GLBA,1912,
GLBA,1913,
GLBA,1914,
GLBA,1915,
GLBA,1916,
GLBA,1917,
GLBA,1918,
GLBA,1919,
GLBA,1920,
GLBA,1921,
GLBA,1922,
GLBA,1923,
GLBA,1924,
GLBA,1925,
GLBA,1926,
GLBA,1927,
GLBA,1928,
GLBA,1929,
GLBA,1930,
GLBA,1931,
GLBA,1932,
GLBA,1933,
GLBA,1934,
GLBA,1935,
GLBA,1936,
GLBA,1937,
GLBA,1938,
GLBA,1939,
GLBA,1940,
GLBA,1941,
GLBA,1942,
GLBA,1943,
GLBA,1944,
GLBA,1945,
GLBA,1946,
GLBA,1947,
GLBA,1948,
GLBA,1949,
GLBA,1950,
GLBA,1951,
GLBA,1952,
GLBA,1953,
GLBA,1954,
GLBA,1955,
GLBA,1956,2200
GLBA,1957,3600
GLBA,1958,5100
GLBA,1959,1300
GLBA,1960,900
GLBA,1961,1300
GLBA,1962,1100
GLBA,1963,800
GLBA,1964,1000
GLBA,1965,1800
GLBA,1966,4900
GLBA,1967,8300
GLBA,1968,13500
GLBA,1969,16000
GLBA,1970,29700
GLBA,1971,17900
GLBA,1972,18300
GLBA,1973,25400
GLBA,1974,50500
GLBA,1975,50600
GLBA,1976,56700
GLBA,1977,88400
GLBA,1978,81500
GLBA,1979,91032
GLBA,1980,95005
GLBA,1981,85071
GLBA,1982,90354
GLBA,1983,92057
GLBA,1984,108297
GLBA,1985,130943
GLBA,1986,136877
GLBA,1987,130926
GLBA,1988,148756
GLBA,1989,150270
GLBA,1990,186427
GLBA,1991,203653
GLBA,1992,211424
GLBA,1993,242276
GLBA,1994,250614
GLBA,1995,252265
GLBA,1996,304374
GLBA,1997,347046
GLBA,1998,403512
GLBA,1999,442607
GLBA,2000,384684
GLBA,2001,380114
GLBA,2002,408143
GLBA,2003,366319
GLBA,2004,353686
GLBA,2005,359829
GLBA,2006,413382
GLBA,2007,438211
GLBA,2008,418911
GLBA,2009,438361
GLBA,2010,444530
GLBA,2011,431986
GLBA,2012,454337
GLBA,2013,500590
GLBA,2014,500727
GLBA,2015,551353
GLBA,2016,520171
GLBA,2017,547057
GLBA,2018,597915
GLBA,2019,672087
GLBA,2020,5748
GLAC,1904,
GLAC,1905,
GLAC,1906,
GLAC,1907,
GLAC,1908,
GLAC,1909,
GLAC,1910,
GLAC,1911,4000
GLAC,1912,6257
GLAC,1913,12138
GLAC,1914,14168
GLAC,1915,14265
GLAC,1916,12839
GLAC,1917,18387
GLAC,1918,9086
GLAC,1919,18956
GLAC,1920,22449
GLAC,1921,19736
GLAC,1922,23935
GLAC,1923,33988
GLAC,1924,33372
GLAC,1925,40063
GLAC,1926,37325
GLAC,1927,41745
GLAC,1928,53454
GLAC,1929,70742
GLAC,1930,73776
GLAC,1931,63497
GLAC,1932,53202
GLAC,1933,76715
GLAC,1934,116965
GLAC,1935,143240
GLAC,1936,210072
GLAC,1937,194522
GLAC,1938,153528
GLAC,1939,170073
GLAC,1940,177307
GLAC,1941,178449
GLAC,1942,62196
GLAC,1943,23908
GLAC,1944,35857
GLAC,1945,67942
GLAC,1946,200547
GLAC,1947,327300
GLAC,1948,284549
GLAC,1949,964416
GLAC,1950,482298
GLAC,1951,496142
GLAC,1952,649689
GLAC,1953,633480
GLAC,1954,608200
GLAC,1955,674100
GLAC,1956,718900
GLAC,1957,759200
GLAC,1958,706800
GLAC,1959,722300
GLAC,1960,724500
GLAC,1961,740000
GLAC,1962,966100
GLAC,1963,810200
GLAC,1964,642200
GLAC,1965,847100
GLAC,1966,907800
GLAC,1967,884000
GLAC,1968,964500
GLAC,1969,1051200
GLAC,1970,1241600
GLAC,1971,1302200
GLAC,1972,1391299
GLAC,1973,1397800
GLAC,1974,1405500
GLAC,1975,1570000
GLAC,1976,1661200
GLAC,1977,1654500
GLAC,1978,1582632
GLAC,1979,1446086
GLAC,1980,1474578
GLAC,1981,1786523
GLAC,1982,1666114
GLAC,1983,2203847
GLAC,1984,1946703
GLAC,1985,1603011
GLAC,1986,1579151
GLAC,1987,1660737
GLAC,1988,1817733
GLAC,1989,1821523
GLAC,1990,1986737
GLAC,1991,2096966
GLAC,1992,2199767
GLAC,1993,2141704
GLAC,1994,2152989
GLAC,1995,1839518
GLAC,1996,1720805
GLAC,1997,1708856
GLAC,1998,1830944
GLAC,1999,1684604
GLAC,2000,1728693
GLAC,2001,1680614
GLAC,2002,1905689
GLAC,2003,1664046
GLAC,2004,2033933
GLAC,2005,1925101
GLAC,2006,1964399
GLAC,2007,2083329
GLAC,2008,1808027
GLAC,2009,2031348
GLAC,2010,2200048
GLAC,2011,1853564
GLAC,2012,2162035
GLAC,2013,2190374
GLAC,2014,2338528
GLAC,2015,2366056
GLAC,2016,2946681
GLAC,2017,3305512
GLAC,2018,2965309
GLAC,2019,3049839
GLAC,2020,1698864
GRCA,1904,
GRCA,1905,
GRCA,1906,
GRCA,1907,
GRCA,1908,
GRCA,1909,
GRCA,1910,
GRCA,1911,
GRCA,1912,
GRCA,1913,
GRCA,1914,
GRCA,1915,
GRCA,1916,
GRCA,1917,
GRCA,1918,
GRCA,1919,37745
GRCA,1920,67315
GRCA,1921,67485
GRCA,1922,84700
GRCA,1923,102166
GRCA,1924,108256
GRCA,1925,134053
GRCA,1926,140252
GRCA,1927,162356
GRCA,1928,167226
GRCA,1929,184093
GRCA,1930,172763
GRCA,1931,156964
GRCA,1932,121267
GRCA,1933,105475
GRCA,1934,140220
GRCA,1935,206018
GRCA,1936,268412
GRCA,1937,297876
GRCA,1938,336557
GRCA,1939,395940
GRCA,1940,371613
GRCA,1941,436566
GRCA,1942,132584
GRCA,1943,71650
GRCA,1944,64568
GRCA,1945,169960
GRCA,1946,486834
GRCA,1947,622363
GRCA,1948,618033
GRCA,1949,600690
GRCA,1950,665039
GRCA,1951,682152
GRCA,1952,737159
GRCA,1953,836878
GRCA,1954,814700
GRCA,1955,892400
GRCA,1956,1033700
GRCA,1957,1102400
GRCA,1958,1064000
GRCA,1959,1169400
GRCA,1960,1187700
GRCA,1961,1253000
GRCA,1962,1447400
GRCA,1963,1539500
GRCA,1964,1576600
GRCA,1965,1689200
GRCA,1966,1806000
GRCA,1967,1804900
GRCA,1968,1986300
GRCA,1969,2192600
GRCA,1970,2258200
GRCA,1971,2402100
GRCA,1972,2698300
GRCA,1973,1909700
GRCA,1974,1888600
GRCA,1975,2625100
GRCA,1976,2791600
GRCA,1977,2627200
GRCA,1978,2748642
GRCA,1979,2131716
GRCA,1980,2304973
GRCA,1981,2472270
GRCA,1982,2293127
GRCA,1983,2248082
GRCA,1984,2173584
GRCA,1985,2711529
GRCA,1986,3035787
GRCA,1987,3513030
GRCA,1988,3859886
GRCA,1989,3966209
GRCA,1990,3776685
GRCA,1991,3886031
GRCA,1992,4203545
GRCA,1993,4575602
GRCA,1994,4364316
GRCA,1995,4557645
GRCA,1996,4537703
GRCA,1997,4791668
GRCA,1998,4239682
GRCA,1999,4575124
GRCA,2000,4460228
GRCA,2001,4104809
GRCA,2002,4001974
GRCA,2003,4124900
GRCA,2004,4326234
GRCA,2005,4401522
GRCA,2006,4279439
GRCA,2007,4413668
GRCA,2008,4425314
GRCA,2009,4348068
GRCA,2010,4388386
GRCA,2011,4298178
GRCA,2012,4421352
GRCA,2013,4564840
GRCA,2014,4756771
GRCA,2015,5520736
GRCA,2016,5969811
GRCA,2017,6254238
GRCA,2018,6380495
GRCA,2019,5974411
GRCA,2020,2897098
GRTE,1904,
GRTE,1905,
GRTE,1906,
GRTE,1907,
GRTE,1908,
GRTE,1909,
GRTE,1910,
GRTE,1911,
GRTE,1912,
GRTE,1913,
GRTE,1914,
GRTE,1915,
GRTE,1916,
GRTE,1917,
GRTE,1918,
GRTE,1919,
GRTE,1920,
GRTE,1921,
GRTE,1922,
GRTE,1923,
GRTE,1924,
GRTE,1925,
GRTE,1926,
GRTE,1927,
GRTE,1928,
GRTE,1929,51500
GRTE,1930,60000
GRTE,1931,62000
GRTE,1932,40000
GRTE,1933,42500
GRTE,1934,75000
GRTE,1935,100000
GRTE,1936,125000
GRTE,1937,135000
GRTE,1938,153353
GRTE,1939,87133
GRTE,1940,103324
GRTE,1941,125489
GRTE,1942,33808
GRTE,1943,8203
GRTE,1944,19978
GRTE,1945,41349
GRTE,1946,136441
GRTE,1947,142975
GRTE,1948,153054
GRTE,1949,166506
GRTE,1950,189286
GRTE,1951,637785
GRTE,1952,785343
GRTE,1953,942966
GRTE,1954,1003500
GRTE,1955,1104700
GRTE,1956,1197200
GRTE,1957,1306300
GRTE,1958,1428500
GRTE,1959,1529600
GRTE,1960,1429900
GRTE,1961,1492400
GRTE,1962,1799400
GRTE,1963,2158800
GRTE,1964,2456800
GRTE,1965,2507000
GRTE,1966,2673100
GRTE,1967,2643700
GRTE,1968,2970300
GRTE,1969,3134400
GRTE,1970,3352500
GRTE,1971,2556400
GRTE,1972,2490266
GRTE,1973,2228600
GRTE,1974,2392900
GRTE,1975,2173500
GRTE,1976,2834700
GRTE,1977,3258000
GRTE,1978,3160026
GRTE,1979,2446171
GRTE,1980,2555627
GRTE,1981,2643644
GRTE,1982,2534029
GRTE,1983,1532035
GRTE,1984,1360898
GRTE,1985,1334483
GRTE,1986,1306322
GRTE,1987,1450791
GRTE,1988,1232691
GRTE,1989,1331659
GRTE,1990,1588253
GRTE,1991,1625752
GRTE,1992,1744636
GRTE,1993,2568689
GRTE,1994,2540699
GRTE,1995,2731015
GRTE,1996,2733439
GRTE,1997,2658762
GRTE,1998,2757060
GRTE,1999,2680025
GRTE,2000,2590624
GRTE,2001,2535108
GRTE,2002,2612629
GRTE,2003,2355693
GRTE,2004,2360373
GRTE,2005,2463442
GRTE,2006,2406476
GRTE,2007,2588574
GRTE,2008,2485987
GRTE,2009,2580081
GRTE,2010,2669374
GRTE,2011,2587437
GRTE,2012,2705256
GRTE,2013,2688794
GRTE,2014,2791392
GRTE,2015,3149921
GRTE,2016,3270076
GRTE,2017,3317000
GRTE,2018,3491151
GRTE,2019,3405614
GRTE,2020,3289638
GRBA,1904,
GRBA,1905,
GRBA,1906,
GRBA,1907,
GRBA,1908,
GRBA,1909,
GRBA,1910,
GRBA,1911,
GRBA,1912,
GRBA,1913,
GRBA,1914,
GRBA,1915,
GRBA,1916,
GRBA,1917,
GRBA,1918,
GRBA,1919,
GRBA,1920,
GRBA,1921,
GRBA,1922,
GRBA,1923,
GRBA,1924,
GRBA,1925,
GRBA,1926,
GRBA,1927,
GRBA,1928,
GRBA,1929,
GRBA,1930,
GRBA,1931,
GRBA,1932,
GRBA,1933,
GRBA,1934,1968
GRBA,1935,2977
GRBA,1936,2348
GRBA,1937,2856
GRBA,1938,3455
GRBA,1939,3958
GRBA,1940,4943
GRBA,1941,4864
GRBA,1942,1673
GRBA,1943,1028
GRBA,1944,872
GRBA,1945,1318
GRBA,1946,3546
GRBA,1947,4751
GRBA,1948,6103
GRBA,1949,8464
GRBA,1950,8350
GRBA,1951,8038
GRBA,1952,11721
GRBA,1953,16693
GRBA,1954,18400
GRBA,1955,18400
GRBA,1956,20300
GRBA,1957,20800
GRBA,1958,20300
GRBA,1959,22200
GRBA,1960,20700
GRBA,1961,24300
GRBA,1962,27300
GRBA,1963,32500
GRBA,1964,34800
GRBA,1965,35600
GRBA,1966,43300
GRBA,1967,53800
GRBA,1968,42400
GRBA,1969,34700
GRBA,1970,41200
GRBA,1971,43500
GRBA,1972,46949
GRBA,1973,38500
GRBA,1974,32100
GRBA,1975,37900
GRBA,1976,41800
GRBA,1977,40300
GRBA,1978,40266
GRBA,1979,29947
GRBA,1980,33383
GRBA,1981,33367
GRBA,1982,32264
GRBA,1983,30335
GRBA,1984,37676
GRBA,1985,36343
GRBA,1986,40359
GRBA,1987,63532
GRBA,1988,73559
GRBA,1989,70259
GRBA,1990,65026
GRBA,1991,63864
GRBA,1992,69144
GRBA,1993,91915
GRBA,1994,88024
GRBA,1995,87829
GRBA,1996,86635
GRBA,1997,90760
GRBA,1998,80363
GRBA,1999,90119
GRBA,2000,81045
GRBA,2001,81712
GRBA,2002,85777
GRBA,2003,87020
GRBA,2004,79879
GRBA,2005,77741
GRBA,2006,78524
GRBA,2007,81364
GRBA,2008,69235
GRBA,2009,84974
GRBA,2010,88870
GRBA,2011,91451
GRBA,2012,94850
GRBA,2013,92893
GRBA,2014,107526
GRBA,2015,116123
GRBA,2016,144846
GRBA,2017,168028
GRBA,2018,153094
GRBA,2019,131802
GRBA,2020,120248
GRSA,1904,
GRSA,1905,
GRSA,1906,
GRSA,1907,
GRSA,1908,
GRSA,1909,
GRSA,1910,
GRSA,1911,
GRSA,1912,
GRSA,1913,
GRSA,1914,
GRSA,1915,
GRSA,1916,
GRSA,1917,
GRSA,1918,
GRSA,1919,
GRSA,1920,
GRSA,1921,
GRSA,1922,
GRSA,1923,
GRSA,1924,
GRSA,1925,
GRSA,1926,
GRSA,1927,
GRSA,1928,
GRSA,1929,
GRSA,1930,
GRSA,1931,
GRSA,1932,500
GRSA,1933,550
GRSA,1934,
GRSA,1935,3000
GRSA,1936,3150
GRSA,1937,3497
GRSA,1938,11050
GRSA,1939,11700
GRSA,1940,8419
GRSA,1941,11684
GRSA,1942,3419
GRSA,1943,3007
GRSA,1944,3466
GRSA,1945,6403
GRSA,1946,8777
GRSA,1947,16016
GRSA,1948,16478
GRSA,1949,23082
GRSA,1950,19004
GRSA,1951,16759
GRSA,1952,22376
GRSA,1953,26137
GRSA,1954,26400
GRSA,1955,26800
GRSA,1956,31200
GRSA,1957,36200
GRSA,1958,40900
GRSA,1959,49300
GRSA,1960,52700
GRSA,1961,61100
GRSA,1962,92800
GRSA,1963,105700
GRSA,1964,120500
GRSA,1965,142100
GRSA,1966,157500
GRSA,1967,178000
GRSA,1968,178600
GRSA,1969,174100
GRSA,1970,205800
GRSA,1971,211300
GRSA,1972,217200
GRSA,1973,192300
GRSA,1974,194700
GRSA,1975,271200
GRSA,1976,248000
GRSA,1977,227900
GRSA,1978,277640
GRSA,1979,162546
GRSA,1980,142427
GRSA,1981,172505
GRSA,1982,175273
GRSA,1983,150177
GRSA,1984,141833
GRSA,1985,182713
GRSA,1986,221449
GRSA,1987,225937
GRSA,1988,274286
GRSA,1989,266321
GRSA,1990,272136
GRSA,1991,295070
GRSA,1992,290654
GRSA,1993,294282
GRSA,1994,312225
GRSA,1995,323663
GRSA,1996,309283
GRSA,1997,309855
GRSA,1998,279768
GRSA,1999,286745
GRSA,2000,260789
GRSA,2001,277523
GRSA,2002,234776
GRSA,2003,251375
GRSA,2004,267204
GRSA,2005,279589
GRSA,2006,258660
GRSA,2007,285121
GRSA,2008,273903
GRSA,2009,289955
GRSA,2010,283284
GRSA,2011,280058
GRSA,2012,254674
GRSA,2013,242841
GRSA,2014,271774
GRSA,2015,299513
GRSA,2016,388308
GRSA,2017,486935
GRSA,2018,442905
GRSA,2019,527546
GRSA,2020,461532
GRSM,1904,
GRSM,1905,
GRSM,1906,
GRSM,1907,
GRSM,1908,
GRSM,1909,
GRSM,1910,
GRSM,1911,
GRSM,1912,
GRSM,1913,
GRSM,1914,
GRSM,1915,
GRSM,1916,
GRSM,1917,
GRSM,1918,
GRSM,1919,
GRSM,1920,
GRSM,1921,
GRSM,1922,
GRSM,1923,
GRSM,1924,
GRSM,1925,
GRSM,1926,
GRSM,1927,
GRSM,1928,
GRSM,1929,
GRSM,1930,
GRSM,1931,154000
GRSM,1932,300000
GRSM,1933,375000
GRSM,1934,420000
GRSM,1935,500000
GRSM,1936,602222
GRSM,1937,727243
GRSM,1938,694634
GRSM,1939,761567
GRSM,1940,860960
GRSM,1941,1310101
GRSM,1942,728706
GRSM,1943,383116
GRSM,1944,534586
GRSM,1945,750690
GRSM,1946,1157930
GRSM,1947,1204017
GRSM,1948,1469749
GRSM,1949,1539641
GRSM,1950,1843620
GRSM,1951,1945100
GRSM,1952,2322152
GRSM,1953,2250772
GRSM,1954,2526900
GRSM,1955,2581500
GRSM,1956,2885800
GRSM,1957,2943700
GRSM,1958,3168900
GRSM,1959,3162300
GRSM,1960,4528600
GRSM,1961,4762100
GRSM,1962,5209800
GRSM,1963,5258700
GRSM,1964,5321100
GRSM,1965,5954900
GRSM,1966,6466100
GRSM,1967,6710100
GRSM,1968,6667100
GRSM,1969,6331100
GRSM,1970,6778500
GRSM,1971,7173000
GRSM,1972,8034753
GRSM,1973,7586300
GRSM,1974,7807800
GRSM,1975,8541500
GRSM,1976,8991500
GRSM,1977,9173600
GRSM,1978,8695534
GRSM,1979,8019788
GRSM,1980,8440953
GRSM,1981,8312884
GRSM,1982,8177869
GRSM,1983,8435475
GRSM,1984,8508390
GRSM,1985,9319290
GRSM,1986,9836306
GRSM,1987,10209841
GRSM,1988,8770781
GRSM,1989,8333553
GRSM,1990,8151769
GRSM,1991,8654459
GRSM,1992,8931690
GRSM,1993,9283848
GRSM,1994,8628174
GRSM,1995,9080420
GRSM,1996,9265667
GRSM,1997,9965075
GRSM,1998,9989395
GRSM,1999,10283598
GRSM,2000,10175812
GRSM,2001,9197697
GRSM,2002,9316420
GRSM,2003,9366845
GRSM,2004,9167046
GRSM,2005,9192477
GRSM,2006,9289215
GRSM,2007,9372253
GRSM,2008,9044010
GRSM,2009,9491437
GRSM,2010,9463538
GRSM,2011,9008830
GRSM,2012,9685829
GRSM,2013,9354695
GRSM,2014,10099276
GRSM,2015,10712674
GRSM,2016,11312786
GRSM,2017,11338893
GRSM,2018,11421200
GRSM,2019,12547743
GRSM,2020,12095720
GUMO,1904,
GUMO,1905,
GUMO,1906,
GUMO,1907,
GUMO,1908,
GUMO,1909,
GUMO,1910,
GUMO,1911,
GUMO,1912,
GUMO,1913,
GUMO,1914,
GUMO,1915,
GUMO,1916,
GUMO,1917,
GUMO,1918,
GUMO,1919,
GUMO,1920,
GUMO,1921,
GUMO,1922,
GUMO,1923,
GUMO,1924,
GUMO,1925,
GUMO,1926,
GUMO,1927,
GUMO,1928,
GUMO,1929,
GUMO,1930,
GUMO,1931,
GUMO,1932,
GUMO,1933,
GUMO,1934,
GUMO,1935,
GUMO,1936,
GUMO,1937,
GUMO,1938,
GUMO,1939,
GUMO,1940,
GUMO,1941,
GUMO,1942,
GUMO,1943,
GUMO,1944,
GUMO,1945,
GUMO,1946,
GUMO,1947,
GUMO,1948,
GUMO,1949,
GUMO,1950,
GUMO,1951,
GUMO,1952,
GUMO,1953,
GUMO,1954,
GUMO,1955,
GUMO,1956,
GUMO,1957,
GUMO,1958,
GUMO,1959,
GUMO,1960,
GUMO,1961,
GUMO,1962,
GUMO,1963,
GUMO,1964,
GUMO,1965,
GUMO,1966,
GUMO,1967,
GUMO,1968,
GUMO,1969,
GUMO,1970,
GUMO,1971,27100
GUMO,1972,39068
GUMO,1973,45100
GUMO,1974,37500
GUMO,1975,50300
GUMO,1976,81400
GUMO,1977,92200
GUMO,1978,108755
GUMO,1979,110478
GUMO,1980,113825
GUMO,1981,142641
GUMO,1982,140620
GUMO,1983,142736
GUMO,1984,151862
GUMO,1985,147758
GUMO,1986,163313
GUMO,1987,156344
GUMO,1988,178910
GUMO,1989,168872
GUMO,1990,192890
GUMO,1991,200398
GUMO,1992,175120
GUMO,1993,201054
GUMO,1994,203520
GUMO,1995,208972
GUMO,1996,223485
GUMO,1997,231980
GUMO,1998,227924
GUMO,1999,219591
GUMO,2000,198762
GUMO,2001,222307
GUMO,2002,202911
GUMO,2003,181357
GUMO,2004,182351
GUMO,2005,170383
GUMO,2006,174157
GUMO,2007,165110
GUMO,2008,163709
GUMO,2009,198882
GUMO,2010,192210
GUMO,2011,152546
GUMO,2012,159360
GUMO,2013,145670
GUMO,2014,166868
GUMO,2015,169535
GUMO,2016,181839
GUMO,2017,225257
GUMO,2018,172347
GUMO,2019,188833
GUMO,2020,151256
HALE,1904,
HALE,1905,
HALE,1906,
HALE,1907,
HALE,1908,
HALE,1909,
HALE,1910,
HALE,1911,
HALE,1912,
HALE,1913,
HALE,1914,
HALE,1915,
HALE,1916,
HALE,1917,
HALE,1918,
HALE,1919,
HALE,1920,
HALE,1921,
HALE,1922,
HALE,1923,
HALE,1924,
HALE,1925,
HALE,1926,
HALE,1927,
HALE,1928,
HALE,1929,
HALE,1930,
HALE,1931,
HALE,1932,
HALE,1933,
HALE,1934,
HALE,1935,
HALE,1936,
HALE,1937,
HALE,1938,
HALE,1939,
HALE,1940,
HALE,1941,
HALE,1942,
HALE,1943,
HALE,1944,
HALE,1945,
HALE,1946,
HALE,1947,
HALE,1948,
HALE,1949,
HALE,1950,
HALE,1951,
HALE,1952,
HALE,1953,
HALE,1954,
HALE,1955,
HALE,1956,
HALE,1957,
HALE,1958,
HALE,1959,
HALE,1960,62100
HALE,1961,65800
HALE,1962,71200
HALE,1963,72100
HALE,1964,87600
HALE,1965,90100
HALE,1966,95500
HALE,1967,102700
HALE,1968,132700
HALE,1969,146800
HALE,1970,197400
HALE,1971,222800
HALE,1972,271326
HALE,1973,360600
HALE,1974,433500
HALE,1975,524900
HALE,1976,650300
HALE,1977,626500
HALE,1978,712751
HALE,1979,673955
HALE,1980,560238
HALE,1981,631684
HALE,1982,771762
HALE,1983,864289
HALE,1984,1003821
HALE,1985,1194651
HALE,1986,1281219
HALE,1987,1333900
HALE,1988,1314683
HALE,1989,1367761
HALE,1990,1260601
HALE,1991,1228332
HALE,1992,1183124
HALE,1993,1317433
HALE,1994,1527329
HALE,1995,1594596
HALE,1996,1553344
HALE,1997,1673561
HALE,1998,1476842
HALE,1999,1963187
HALE,2000,1620083
HALE,2001,1410974
HALE,2002,1521080
HALE,2003,1444668
HALE,2004,1455477
HALE,2005,1474681
HALE,2006,1426068
HALE,2007,1322817
HALE,2008,1185068
HALE,2009,1109104
HALE,2010,1105606
HALE,2011,956989
HALE,2012,1094668
HALE,2013,785300
HALE,2014,1142040
HALE,2015,1216772
HALE,2016,1263558
HALE,2017,1112390
HALE,2018,1044084
HALE,2019,994394
HALE,2020,319147
HAVO,1904,
HAVO,1905,
HAVO,1906,
HAVO,1907,
HAVO,1908,
HAVO,1909,
HAVO,1910,
HAVO,1911,
HAVO,1912,
HAVO,1913,
HAVO,1914,
HAVO,1915,
HAVO,1916,
HAVO,1917,
HAVO,1918,
HAVO,1919,
HAVO,1920,
HAVO,1921,16071
HAVO,1922,27750
HAVO,1923,41150
HAVO,1924,52110
HAVO,1925,64155
HAVO,1926,35000
HAVO,1927,37551
HAVO,1928,78414
HAVO,1929,109857
HAVO,1930,89578
HAVO,1931,124932
HAVO,1932,139663
HAVO,1933,237690
HAVO,1934,240997
HAVO,1935,207208
HAVO,1936,186049
HAVO,1937,203165
HAVO,1938,195986
HAVO,1939,226741
HAVO,1940,287810
HAVO,1941,271824
HAVO,1942,337926
HAVO,1943,394140
HAVO,1944,402475
HAVO,1945,368629
HAVO,1946,405755
HAVO,1947,382482
HAVO,1948,387753
HAVO,1949,350504
HAVO,1950,362245
HAVO,1951,498023
HAVO,1952,694632
HAVO,1953,416942
HAVO,1954,444600
HAVO,1955,416700
HAVO,1956,521400
HAVO,1957,517300
HAVO,1958,461300
HAVO,1959,786000
HAVO,1960,709100
HAVO,1961,769600
HAVO,1962,421600
HAVO,1963,494700
HAVO,1964,517900
HAVO,1965,573900
HAVO,1966,607600
HAVO,1967,786200
HAVO,1968,918000
HAVO,1969,719900
HAVO,1970,822300
HAVO,1971,956700
HAVO,1972,1365104
HAVO,1973,1236500
HAVO,1974,1164900
HAVO,1975,1353900
HAVO,1976,1430500
HAVO,1977,1446200
HAVO,1978,1728256
HAVO,1979,1632589
HAVO,1980,1692338
HAVO,1981,1931852
HAVO,1982,1995397
HAVO,1983,2247974
HAVO,1984,2008608
HAVO,1985,816652
HAVO,1986,898023
HAVO,1987,1006058
HAVO,1988,983007
HAVO,1989,1056188
HAVO,1990,1096816
HAVO,1991,1238653
HAVO,1992,1151661
HAVO,1993,1143741
HAVO,1994,1174289
HAVO,1995,1175028
HAVO,1996,1231557
HAVO,1997,1832087
HAVO,1998,1352373
HAVO,1999,1502855
HAVO,2000,1514636
HAVO,2001,1343286
HAVO,2002,1110998
HAVO,2003,1122524
HAVO,2004,1307391
HAVO,2005,1661196
HAVO,2006,1612246
HAVO,2007,1467779
HAVO,2008,1270538
HAVO,2009,1233105
HAVO,2010,1304667
HAVO,2011,1352123
HAVO,2012,1483928
HAVO,2013,1583209
HAVO,2014,1693005
HAVO,2015,1832660
HAVO,2016,1887580
HAVO,2017,2016702
HAVO,2018,1116891
HAVO,2019,1368376
HAVO,2020,589775
HOSP,1904,101000
HOSP,1905,109000
HOSP,1906,
HOSP,1907,
HOSP,1908,
HOSP,1909,
HOSP,1910,120000
HOSP,1911,130000
HOSP,1912,135000
HOSP,1913,135000
HOSP,1914,125000
HOSP,1915,115000
HOSP,1916,118740
HOSP,1917,135000
HOSP,1918,140000
HOSP,1919,160490
HOSP,1920,162850
HOSP,1921,130968
HOSP,1922,106164
HOSP,1923,112000
HOSP,1924,164175
HOSP,1925,265500
HOSP,1926,260000
HOSP,1927,181523
HOSP,1928,199099
HOSP,1929,184517
HOSP,1930,167062
HOSP,1931,153394
HOSP,1932,201762
HOSP,1933,151638
HOSP,1934,205565
HOSP,1935,247387
HOSP,1936,273083
HOSP,1937,185935
HOSP,1938,121909
HOSP,1939,178755
HOSP,1940,182583
HOSP,1941,208107
HOSP,1942,166661
HOSP,1943,195842
HOSP,1944,254834
HOSP,1945,278626
HOSP,1946,288275
HOSP,1947,300820
HOSP,1948,304021
HOSP,1949,314949
HOSP,1950,294955
HOSP,1951,307426
HOSP,1952,326016
HOSP,1953,338828
HOSP,1954,363100
HOSP,1955,372600
HOSP,1956,382100
HOSP,1957,363500
HOSP,1958,384800
HOSP,1959,404700
HOSP,1960,719100
HOSP,1961,891300
HOSP,1962,1874000
HOSP,1963,1870600
HOSP,1964,1787300
HOSP,1965,1809400
HOSP,1966,1763700
HOSP,1967,1981300
HOSP,1968,1913900
HOSP,1969,1852300
HOSP,1970,2092400
HOSP,1971,1824400
HOSP,1972,1974038
HOSP,1973,1768300
HOSP,1974,1631400
HOSP,1975,1351000
HOSP,1976,1117900
HOSP,1977,1127000
HOSP,1978,1229206
HOSP,1979,1118800
HOSP,1980,1160588
HOSP,1981,1177911
HOSP,1982,1015580
HOSP,1983,1160008
HOSP,1984,1071853
HOSP,1985,1112764
HOSP,1986,1175170
HOSP,1987,1101242
HOSP,1988,1185772
HOSP,1989,1272771
HOSP,1990,1123175
HOSP,1991,1203929
HOSP,1992,1504013
HOSP,1993,1477299
HOSP,1994,1618847
HOSP,1995,1617077
HOSP,1996,1538105
HOSP,1997,1509596
HOSP,1998,1495993
HOSP,1999,1384469
HOSP,2000,1338156
HOSP,2001,1296786
HOSP,2002,1440227
HOSP,2003,1561311
HOSP,2004,1418735
HOSP,2005,1340160
HOSP,2006,1273456
HOSP,2007,1300152
HOSP,2008,1238147
HOSP,2009,1284707
HOSP,2010,1311807
HOSP,2011,1396354
HOSP,2012,1302505
HOSP,2013,1325719
HOSP,2014,1424484
HOSP,2015,1418162
HOSP,2016,1544300
HOSP,2017,1561616
HOSP,2018,1506887
HOSP,2019,1467153
HOSP,2020,1348215
ISRO,1904,
ISRO,1905,
ISRO,1906,
ISRO,1907,
ISRO,1908,
ISRO,1909,
ISRO,1910,
ISRO,1911,
ISRO,1912,
ISRO,1913,
ISRO,1914,
ISRO,1915,
ISRO,1916,
ISRO,1917,
ISRO,1918,
ISRO,1919,
ISRO,1920,
ISRO,1921,
ISRO,1922,
ISRO,1923,
ISRO,1924,
ISRO,1925,
ISRO,1926,
ISRO,1927,
ISRO,1928,
ISRO,1929,
ISRO,1930,
ISRO,1931,
ISRO,1932,
ISRO,1933,
ISRO,1934,
ISRO,1935,
ISRO,1936,
ISRO,1937,
ISRO,1938,
ISRO,1939,
ISRO,1940,2962
ISRO,1941,7257
ISRO,1942,6128
ISRO,1943,5376
ISRO,1944,3751
ISRO,1945,6139
ISRO,1946,7068
ISRO,1947,7867
ISRO,1948,7922
ISRO,1949,9518
ISRO,1950,3100
ISRO,1951,2370
ISRO,1952,2830
ISRO,1953,3611
ISRO,1954,4300
ISRO,1955,5200
ISRO,1956,5200
ISRO,1957,5200
ISRO,1958,4000
ISRO,1959,5800
ISRO,1960,6400
ISRO,1961,6500
ISRO,1962,5400
ISRO,1963,7800
ISRO,1964,8200
ISRO,1965,9500
ISRO,1966,10800
ISRO,1967,9500
ISRO,1968,10100
ISRO,1969,10400
ISRO,1970,14400
ISRO,1971,15900
ISRO,1972,16116
ISRO,1973,15700
ISRO,1974,13900
ISRO,1975,16800
ISRO,1976,17000
ISRO,1977,16700
ISRO,1978,16415
ISRO,1979,14782
ISRO,1980,14977
ISRO,1981,14558
ISRO,1982,13238
ISRO,1983,12928
ISRO,1984,11814
ISRO,1985,16775
ISRO,1986,26122
ISRO,1987,31760
ISRO,1988,26593
ISRO,1989,27133
ISRO,1990,23495
ISRO,1991,22004
ISRO,1992,22728
ISRO,1993,21983
ISRO,1994,24843
ISRO,1995,23470
ISRO,1996,23445
ISRO,1997,21381
ISRO,1998,23932
ISRO,1999,23493
ISRO,2000,21096
ISRO,2001,19431
ISRO,2002,19463
ISRO,2003,17800
ISRO,2004,17276
ISRO,2005,17398
ISRO,2006,17070
ISRO,2007,15973
ISRO,2008,14038
ISRO,2009,14653
ISRO,2010,15793
ISRO,2011,15892
ISRO,2012,16663
ISRO,2013,16274
ISRO,2014,14560
ISRO,2015,18684
ISRO,2016,24966
ISRO,2017,28196
ISRO,2018,25798
ISRO,2019,26410
ISRO,2020,6493
JOTR,1904,
JOTR,1905,
JOTR,1906,
JOTR,1907,
JOTR,1908,
JOTR,1909,
JOTR,1910,
JOTR,1911,
JOTR,1912,
JOTR,1913,
JOTR,1914,
JOTR,1915,
JOTR,1916,
JOTR,1917,
JOTR,1918,
JOTR,1919,
JOTR,1920,
JOTR,1921,
JOTR,1922,
JOTR,1923,
JOTR,1924,
JOTR,1925,
JOTR,1926,
JOTR,1927,
JOTR,1928,
JOTR,1929,
JOTR,1930,
JOTR,1931,
JOTR,1932,
JOTR,1933,
JOTR,1934,
JOTR,1935,
JOTR,1936,
JOTR,1937,
JOTR,1938,
JOTR,1939,
JOTR,1940,
JOTR,1941,31285
JOTR,1942,23691
JOTR,1943,17414
JOTR,1944,7640
JOTR,1945,18275
JOTR,1946,36605
JOTR,1947,57801
JOTR,1948,59157
JOTR,1949,66991
JOTR,1950,79129
JOTR,1951,93615
JOTR,1952,141416
JOTR,1953,172423
JOTR,1954,260700
JOTR,1955,280600
JOTR,1956,312900
JOTR,1957,320300
JOTR,1958,365300
JOTR,1959,299600
JOTR,1960,320100
JOTR,1961,301500
JOTR,1962,331500
JOTR,1963,346300
JOTR,1964,343400
JOTR,1965,336000
JOTR,1966,408600
JOTR,1967,416500
JOTR,1968,489400
JOTR,1969,550300
JOTR,1970,643000
JOTR,1971,576000
JOTR,1972,602752
JOTR,1973,589600
JOTR,1974,509900
JOTR,1975,552200
JOTR,1976,728900
JOTR,1977,745600
JOTR,1978,602453
JOTR,1979,590543
JOTR,1980,545357
JOTR,1981,612966
JOTR,1982,673201
JOTR,1983,671426
JOTR,1984,663798
JOTR,1985,641172
JOTR,1986,783224
JOTR,1987,830085
JOTR,1988,955246
JOTR,1989,990214
JOTR,1990,1022396
JOTR,1991,1145458
JOTR,1992,1220539
JOTR,1993,1252401
JOTR,1994,1184871
JOTR,1995,1235702
JOTR,1996,1095046
JOTR,1997,1226273
JOTR,1998,1410312
JOTR,1999,1316340
JOTR,2000,1233935
JOTR,2001,1280917
JOTR,2002,1178376
JOTR,2003,1283346
JOTR,2004,1243659
JOTR,2005,1375111
JOTR,2006,1256421
JOTR,2007,1298979
JOTR,2008,1392446
JOTR,2009,1304471
JOTR,2010,1434976
JOTR,2011,1396237
JOTR,2012,1396117
JOTR,2013,1383340
JOTR,2014,1589904
JOTR,2015,2025756
JOTR,2016,2505286
JOTR,2017,2853619
JOTR,2018,2942382
JOTR,2019,2988547
JOTR,2020,2399542
KATM,1904,
KATM,1905,
KATM,1906,
KATM,1907,
KATM,1908,
KATM,1909,
KATM,1910,
KATM,1911,
KATM,1912,
KATM,1913,
KATM,1914,
KATM,1915,
KATM,1916,
KATM,1917,
KATM,1918,
KATM,1919,
KATM,1920,
KATM,1921,
KATM,1922,
KATM,1923,15
KATM,1924,17
KATM,1925,
KATM,1926,
KATM,1927,
KATM,1928,
KATM,1929,
KATM,1930,
KATM,1931,
KATM,1932,
KATM,1933,
KATM,1934,
KATM,1935,
KATM,1936,
KATM,1937,
KATM,1938,
KATM,1939,
KATM,1940,
KATM,1941,
KATM,1942,
KATM,1943,
KATM,1944,
KATM,1945,
KATM,1946,
KATM,1947,
KATM,1948,
KATM,1949,
KATM,1950,
KATM,1951,
KATM,1952,
KATM,1953,
KATM,1954,
KATM,1955,
KATM,1956,500
KATM,1957,600
KATM,1958,700
KATM,1959,1100
KATM,1960,600
KATM,1961,600
KATM,1962,300
KATM,1963,700
KATM,1964,500
KATM,1965,800
KATM,1966,900
KATM,1967,1200
KATM,1968,1600
KATM,1969,7800
KATM,1970,11800
KATM,1971,9600
KATM,1972,11900
KATM,1973,8400
KATM,1974,11900
KATM,1975,9700
KATM,1976,10400
KATM,1977,10000
KATM,1978,11300
KATM,1979,10659
KATM,1980,11824
KATM,1981,13115
KATM,1982,14377
KATM,1983,11182
KATM,1984,20074
KATM,1985,25142
KATM,1986,41663
KATM,1987,38212
KATM,1988,45710
KATM,1989,40247
KATM,1990,40778
KATM,1991,41417
KATM,1992,46196
KATM,1993,53421
KATM,1994,55728
KATM,1995,0
KATM,1996,
KATM,1997,18802
KATM,1998,45470
KATM,1999,51399
KATM,2000,71389
KATM,2001,67038
KATM,2002,59025
KATM,2003,51589
KATM,2004,56787
KATM,2005,54274
KATM,2006,68630
KATM,2007,82634
KATM,2008,7970
KATM,2009,43035
KATM,2010,55172
KATM,2011,48939
KATM,2012,39818
KATM,2013,28966
KATM,2014,30896
KATM,2015,37818
KATM,2016,37818
KATM,2017,37818
KATM,2018,37818
KATM,2019,84167
KATM,2020,51511
KEFJ,1904,
KEFJ,1905,
KEFJ,1906,
KEFJ,1907,
KEFJ,1908,
KEFJ,1909,
KEFJ,1910,
KEFJ,1911,
KEFJ,1912,
KEFJ,1913,
KEFJ,1914,
KEFJ,1915,
KEFJ,1916,
KEFJ,1917,
KEFJ,1918,
KEFJ,1919,
KEFJ,1920,
KEFJ,1921,
KEFJ,1922,
KEFJ,1923,
KEFJ,1924,
KEFJ,1925,
KEFJ,1926,
KEFJ,1927,
KEFJ,1928,
KEFJ,1929,
KEFJ,1930,
KEFJ,1931,
KEFJ,1932,
KEFJ,1933,
KEFJ,1934,
KEFJ,1935,
KEFJ,1936,
KEFJ,1937,
KEFJ,1938,
KEFJ,1939,
KEFJ,1940,
KEFJ,1941,
KEFJ,1942,
KEFJ,1943,
KEFJ,1944,
KEFJ,1945,
KEFJ,1946,
KEFJ,1947,
KEFJ,1948,
KEFJ,1949,
KEFJ,1950,
KEFJ,1951,
KEFJ,1952,
KEFJ,1953,
KEFJ,1954,
KEFJ,1955,
KEFJ,1956,
KEFJ,1957,
KEFJ,1958,
KEFJ,1959,
KEFJ,1960,
KEFJ,1961,
KEFJ,1962,
KEFJ,1963,
KEFJ,1964,
KEFJ,1965,
KEFJ,1966,
KEFJ,1967,
KEFJ,1968,
KEFJ,1969,
KEFJ,1970,
KEFJ,1971,
KEFJ,1972,
KEFJ,1973,
KEFJ,1974,
KEFJ,1975,
KEFJ,1976,
KEFJ,1977,
KEFJ,1978,
KEFJ,1979,
KEFJ,1980,
KEFJ,1981,
KEFJ,1982,16118
KEFJ,1983,24048
KEFJ,1984,30703
KEFJ,1985,35758
KEFJ,1986,54296
KEFJ,1987,60428
KEFJ,1988,59017
KEFJ,1989,75557
KEFJ,1990,66115
KEFJ,1991,107041
KEFJ,1992,108130
KEFJ,1993,189712
KEFJ,1994,209516
KEFJ,1995,230657
KEFJ,1996,274034
KEFJ,1997,306164
KEFJ,1998,263948
KEFJ,1999,290673
KEFJ,2000,254790
KEFJ,2001,262353
KEFJ,2002,251799
KEFJ,2003,243719
KEFJ,2004,244232
KEFJ,2005,258297
KEFJ,2006,251630
KEFJ,2007,284604
KEFJ,2008,272190
KEFJ,2009,218358
KEFJ,2010,297596
KEFJ,2011,346852
KEFJ,2012,281279
KEFJ,2013,283502
KEFJ,2014,270666
KEFJ,2015,296697
KEFJ,2016,346534
KEFJ,2017,303598
KEFJ,2018,321596
KEFJ,2019,356601
KEFJ,2020,115882
KOVA,1904,
KOVA,1905,
KOVA,1906,
KOVA,1907,
KOVA,1908,
KOVA,1909,
KOVA,1910,
KOVA,1911,
KOVA,1912,
KOVA,1913,
KOVA,1914,
KOVA,1915,
KOVA,1916,
KOVA,1917,
KOVA,1918,
KOVA,1919,
KOVA,1920,
KOVA,1921,
KOVA,1922,
KOVA,1923,
KOVA,1924,
KOVA,1925,
KOVA,1926,
KOVA,1927,
KOVA,1928,
KOVA,1929,
KOVA,1930,
KOVA,1931,
KOVA,1932,
KOVA,1933,
KOVA,1934,
KOVA,1935,
KOVA,1936,
KOVA,1937,
KOVA,1938,
KOVA,1939,
KOVA,1940,
KOVA,1941,
KOVA,1942,
KOVA,1943,
KOVA,1944,
KOVA,1945,
KOVA,1946,
KOVA,1947,
KOVA,1948,
KOVA,1949,
KOVA,1950,
KOVA,1951,
KOVA,1952,
KOVA,1953,
KOVA,1954,
KOVA,1955,
KOVA,1956,
KOVA,1957,
KOVA,1958,
KOVA,1959,
KOVA,1960,
KOVA,1961,
KOVA,1962,
KOVA,1963,
KOVA,1964,
KOVA,1965,
KOVA,1966,
KOVA,1967,
KOVA,1968,
KOVA,1969,
KOVA,1970,
KOVA,1971,
KOVA,1972,
KOVA,1973,
KOVA,1974,
KOVA,1975,
KOVA,1976,
KOVA,1977,
KOVA,1978,
KOVA,1979,
KOVA,1980,
KOVA,1981,
KOVA,1982,3775
KOVA,1983,2365
KOVA,1984,1075
KOVA,1985,1305
KOVA,1986,1085
KOVA,1987,230
KOVA,1988,2275
KOVA,1989,1970
KOVA,1990,2586
KOVA,1991,2795
KOVA,1992,2829
KOVA,1993,2816
KOVA,1994,2781
KOVA,1995,2781
KOVA,1996,2781
KOVA,1997,2781
KOVA,1998,5550
KOVA,1999,6309
KOVA,2000,2646
KOVA,2001,4217
KOVA,2002,4046
KOVA,2003,4006
KOVA,2004,4744
KOVA,2005,5037
KOVA,2006,3005
KOVA,2007,847
KOVA,2008,1565
KOVA,2009,1879
KOVA,2010,3164
KOVA,2011,11485
KOVA,2012,29550
KOVA,2013,16875
KOVA,2014,0
KOVA,2015,0
KOVA,2016,15500
KOVA,2017,15500
KOVA,2018,14937
KOVA,2019,15766
KOVA,2020,11185
LACA,1904,
LACA,1905,
LACA,1906,
LACA,1907,
LACA,1908,
LACA,1909,
LACA,1910,
LACA,1911,
LACA,1912,
LACA,1913,
LACA,1914,
LACA,1915,
LACA,1916,
LACA,1917,
LACA,1918,
LACA,1919,
LACA,1920,
LACA,1921,
LACA,1922,
LACA,1923,
LACA,1924,
LACA,1925,
LACA,1926,
LACA,1927,
LACA,1928,
LACA,1929,
LACA,1930,
LACA,1931,
LACA,1932,
LACA,1933,
LACA,1934,
LACA,1935,
LACA,1936,
LACA,1937,
LACA,1938,
LACA,1939,
LACA,1940,
LACA,1941,
LACA,1942,
LACA,1943,
LACA,1944,
LACA,1945,
LACA,1946,
LACA,1947,
LACA,1948,
LACA,1949,
LACA,1950,
LACA,1951,
LACA,1952,
LACA,1953,
LACA,1954,
LACA,1955,
LACA,1956,
LACA,1957,
LACA,1958,
LACA,1959,
LACA,1960,
LACA,1961,
LACA,1962,
LACA,1963,
LACA,1964,
LACA,1965,
LACA,1966,
LACA,1967,
LACA,1968,
LACA,1969,
LACA,1970,
LACA,1971,
LACA,1972,
LACA,1973,
LACA,1974,
LACA,1975,
LACA,1976,
LACA,1977,
LACA,1978,
LACA,1979,
LACA,1980,
LACA,1981,
LACA,1982,10440
LACA,1983,12332
LACA,1984,12505
LACA,1985,12701
LACA,1986,13611
LACA,1987,16418
LACA,1988,18863
LACA,1989,14879
LACA,1990,10196
LACA,1991,4133
LACA,1992,9233
LACA,1993,12153
LACA,1994,12143
LACA,1995,12698
LACA,1996,12727
LACA,1997,9173
LACA,1998,11335
LACA,1999,6190
LACA,2000,6493
LACA,2001,4397
LACA,2002,4325
LACA,2003,4505
LACA,2004,4906
LACA,2005,5408
LACA,2006,5320
LACA,2007,5549
LACA,2008,6802
LACA,2009,9711
LACA,2010,9931
LACA,2011,5158
LACA,2012,11639
LACA,2013,13000
LACA,2014,16100
LACA,2015,17818
LACA,2016,21102
LACA,2017,22755
LACA,2018,14479
LACA,2019,17157
LACA,2020,4948
LAVO,1904,
LAVO,1905,
LAVO,1906,
LAVO,1907,
LAVO,1908,
LAVO,1909,
LAVO,1910,
LAVO,1911,
LAVO,1912,
LAVO,1913,
LAVO,1914,
LAVO,1915,
LAVO,1916,
LAVO,1917,8500
LAVO,1918,2000
LAVO,1919,2500
LAVO,1920,2000
LAVO,1921,10000
LAVO,1922,10000
LAVO,1923,9500
LAVO,1924,12500
LAVO,1925,12596
LAVO,1926,18739
LAVO,1927,20089
LAVO,1928,26057
LAVO,1929,26106
LAVO,1930,31755
LAVO,1931,56833
LAVO,1932,41723
LAVO,1933,45577
LAVO,1934,51906
LAVO,1935,52294
LAVO,1936,76971
LAVO,1937,86757
LAVO,1938,73005
LAVO,1939,100880
LAVO,1940,104619
LAVO,1941,109272
LAVO,1942,48144
LAVO,1943,18971
LAVO,1944,19060
LAVO,1945,45225
LAVO,1946,99067
LAVO,1947,149848
LAVO,1948,160707
LAVO,1949,172496
LAVO,1950,183815
LAVO,1951,203609
LAVO,1952,212550
LAVO,1953,225328
LAVO,1954,282400
LAVO,1955,304400
LAVO,1956,303800
LAVO,1957,327300
LAVO,1958,346700
LAVO,1959,379900
LAVO,1960,401800
LAVO,1961,460000
LAVO,1962,399000
LAVO,1963,369300
LAVO,1964,407700
LAVO,1965,400300
LAVO,1966,462500
LAVO,1967,358300
LAVO,1968,442800
LAVO,1969,435700
LAVO,1970,466600
LAVO,1971,447400
LAVO,1972,504641
LAVO,1973,496200
LAVO,1974,408700
LAVO,1975,444500
LAVO,1976,461400
LAVO,1977,381200
LAVO,1978,442192
LAVO,1979,380014
LAVO,1980,394425
LAVO,1981,415045
LAVO,1982,414859
LAVO,1983,429867
LAVO,1984,463275
LAVO,1985,451497
LAVO,1986,439723
LAVO,1987,472431
LAVO,1988,495628
LAVO,1989,466115
LAVO,1990,460917
LAVO,1991,463179
LAVO,1992,468011
LAVO,1993,434264
LAVO,1994,385489
LAVO,1995,351001
LAVO,1996,351632
LAVO,1997,391816
LAVO,1998,318049
LAVO,1999,353756
LAVO,2000,374911
LAVO,2001,376695
LAVO,2002,388149
LAVO,2003,404384
LAVO,2004,379667
LAVO,2005,365535
LAVO,2006,388741
LAVO,2007,395057
LAVO,2008,377361
LAVO,2009,365639
LAVO,2010,384570
LAVO,2011,351269
LAVO,2012,407653
LAVO,2013,427409
LAVO,2014,432977
LAVO,2015,468092
LAVO,2016,536068
LAVO,2017,507256
LAVO,2018,499435
LAVO,2019,517039
LAVO,2020,542274
MACA,1904,
MACA,1905,
MACA,1906,
MACA,1907,
MACA,1908,
MACA,1909,
MACA,1910,
MACA,1911,
MACA,1912,
MACA,1913,
MACA,1914,
MACA,1915,
MACA,1916,
MACA,1917,
MACA,1918,
MACA,1919,
MACA,1920,
MACA,1921,
MACA,1922,
MACA,1923,
MACA,1924,
MACA,1925,
MACA,1926,
MACA,1927,
MACA,1928,
MACA,1929,
MACA,1930,
MACA,1931,
MACA,1932,
MACA,1933,
MACA,1934,
MACA,1935,
MACA,1936,57775
MACA,1937,75434
MACA,1938,120692
MACA,1939,116516
MACA,1940,117751
MACA,1941,165996
MACA,1942,87157
MACA,1943,44611
MACA,1944,49389
MACA,1945,70513
MACA,1946,162877
MACA,1947,185111
MACA,1948,180621
MACA,1949,211792
MACA,1950,254187
MACA,1951,364213
MACA,1952,438030
MACA,1953,499416
MACA,1954,439800
MACA,1955,447800
MACA,1956,466100
MACA,1957,450200
MACA,1958,480100
MACA,1959,490300
MACA,1960,519100
MACA,1961,519300
MACA,1962,569300
MACA,1963,636100
MACA,1964,793400
MACA,1965,872200
MACA,1966,1143800
MACA,1967,1282800
MACA,1968,1540200
MACA,1969,1299700
MACA,1970,1726500
MACA,1971,1571900
MACA,1972,1699782
MACA,1973,1754500
MACA,1974,1566900
MACA,1975,1680700
MACA,1976,1748900
MACA,1977,1806300
MACA,1978,1640488
MACA,1979,1384910
MACA,1980,1495787
MACA,1981,1404317
MACA,1982,1526676
MACA,1983,1498503
MACA,1984,1501450
MACA,1985,1507939
MACA,1986,1646673
MACA,1987,1636340
MACA,1988,1735610
MACA,1989,1672840
MACA,1990,1924538
MACA,1991,2158195
MACA,1992,2392858
MACA,1993,2396234
MACA,1994,2009935
MACA,1995,1935709
MACA,1996,1896829
MACA,1997,1997658
MACA,1998,2113992
MACA,1999,1710983
MACA,2000,1749268
MACA,2001,1883580
MACA,2002,1891307
MACA,2003,1869137
MACA,2004,1888267
MACA,2005,1878006
MACA,2006,597934
MACA,2007,487305
MACA,2008,446174
MACA,2009,503856
MACA,2010,497225
MACA,2011,483319
MACA,2012,508054
MACA,2013,494541
MACA,2014,522628
MACA,2015,566895
MACA,2016,586514
MACA,2017,587853
MACA,2018,533206
MACA,2019,551590
MACA,2020,290392
MEVE,1904,
MEVE,1905,
MEVE,1906,
MEVE,1907,
MEVE,1908,80
MEVE,1909,165
MEVE,1910,250
MEVE,1911,206
MEVE,1912,230
MEVE,1913,280
MEVE,1914,502
MEVE,1915,663
MEVE,1916,1385
MEVE,1917,2223
MEVE,1918,2058
MEVE,1919,2287
MEVE,1920,2890
MEVE,1921,3003
MEVE,1922,4251
MEVE,1923,5236
MEVE,1924,7109
MEVE,1925,9043
MEVE,1926,11356
MEVE,1927,11915
MEVE,1928,16760
MEVE,1929,14517
MEVE,1930,16656
MEVE,1931,18003
MEVE,1932,15760
MEVE,1933,16185
MEVE,1934,21474
MEVE,1935,21835
MEVE,1936,25571
MEVE,1937,28171
MEVE,1938,30911
MEVE,1939,32246
MEVE,1940,36448
MEVE,1941,42406
MEVE,1942,13045
MEVE,1943,4621
MEVE,1944,5561
MEVE,1945,12994
MEVE,1946,39843
MEVE,1947,52975
MEVE,1948,59362
MEVE,1949,78024
MEVE,1950,88184
MEVE,1951,99309
MEVE,1952,105700
MEVE,1953,136123
MEVE,1954,150300
MEVE,1955,161300
MEVE,1956,186800
MEVE,1957,193900
MEVE,1958,201300
MEVE,1959,217400
MEVE,1960,225700
MEVE,1961,227700
MEVE,1962,262200
MEVE,1963,325300
MEVE,1964,344400
MEVE,1965,378300
MEVE,1966,423400
MEVE,1967,435000
MEVE,1968,449800
MEVE,1969,513800
MEVE,1970,527200
MEVE,1971,518500
MEVE,1972,546286
MEVE,1973,482900
MEVE,1974,445400
MEVE,1975,614500
MEVE,1976,675100
MEVE,1977,663700
MEVE,1978,653052
MEVE,1979,473715
MEVE,1980,539257
MEVE,1981,588608
MEVE,1982,602968
MEVE,1983,604115
MEVE,1984,516865
MEVE,1985,656271
MEVE,1986,658888
MEVE,1987,728566
MEVE,1988,772183
MEVE,1989,600045
MEVE,1990,611375
MEVE,1991,678075
MEVE,1992,742080
MEVE,1993,666054
MEVE,1994,685031
MEVE,1995,663794
MEVE,1996,617360
MEVE,1997,627720
MEVE,1998,604556
MEVE,1999,635736
MEVE,2000,452287
MEVE,2001,513409
MEVE,2002,406385
MEVE,2003,438590
MEVE,2004,446811
MEVE,2005,498333
MEVE,2006,557248
MEVE,2007,541102
MEVE,2008,551446
MEVE,2009,550377
MEVE,2010,559712
MEVE,2011,572329
MEVE,2012,488860
MEVE,2013,460237
MEVE,2014,501563
MEVE,2015,547325
MEVE,2016,583527
MEVE,2017,613788
MEVE,2018,563420
MEVE,2019,556203
MEVE,2020,287477
MORA,1904,563
MORA,1905,928
MORA,1906,1786
MORA,1907,2068
MORA,1908,2826
MORA,1909,5968
MORA,1910,8000
MORA,1911,10306
MORA,1912,8946
MORA,1913,13501
MORA,1914,15038
MORA,1915,35166
MORA,1916,23989
MORA,1917,35568
MORA,1918,43901
MORA,1919,55232
MORA,1920,56491
MORA,1921,55771
MORA,1922,70371
MORA,1923,123708
MORA,1924,161473
MORA,1925,173004
MORA,1926,161796
MORA,1927,200051
MORA,1928,219531
MORA,1929,217783
MORA,1930,265620
MORA,1931,293562
MORA,1932,216065
MORA,1933,170104
MORA,1934,242757
MORA,1935,239309
MORA,1936,317345
MORA,1937,349289
MORA,1938,381876
MORA,1939,361787
MORA,1940,456637
MORA,1941,476776
MORA,1942,343575
MORA,1943,124474
MORA,1944,135277
MORA,1945,304227
MORA,1946,470903
MORA,1947,519698
MORA,1948,570053
MORA,1949,584004
MORA,1950,573685
MORA,1951,873877
MORA,1952,877388
MORA,1953,768015
MORA,1954,795000
MORA,1955,839200
MORA,1956,850700
MORA,1957,935800
MORA,1958,1115800
MORA,1959,1105100
MORA,1960,1538700
MORA,1961,1592800
MORA,1962,1905300
MORA,1963,1544300
MORA,1964,1439900
MORA,1965,1643100
MORA,1966,1722300
MORA,1967,1805900
MORA,1968,1682700
MORA,1969,1659500
MORA,1970,1925100
MORA,1971,1319400
MORA,1972,1275589
MORA,1973,1065400
MORA,1974,1138100
MORA,1975,1176500
MORA,1976,1414500
MORA,1977,1819600
MORA,1978,1606968
MORA,1979,1516703
MORA,1980,1268256
MORA,1981,1233671
MORA,1982,1007300
MORA,1983,1106306
MORA,1984,1152411
MORA,1985,1165640
MORA,1986,1298457
MORA,1987,1292027
MORA,1988,1255618
MORA,1989,1354302
MORA,1990,1327101
MORA,1991,1549412
MORA,1992,1522057
MORA,1993,1365213
MORA,1994,1426244
MORA,1995,1438227
MORA,1996,1338961
MORA,1997,1315773
MORA,1998,1353793
MORA,1999,1291397
MORA,2000,1344833
MORA,2001,1301103
MORA,2002,1310390
MORA,2003,1262351
MORA,2004,1217750
MORA,2005,1173897
MORA,2006,1113601
MORA,2007,1047685
MORA,2008,1163227
MORA,2009,1151654
MORA,2010,1191754
MORA,2011,1038229
MORA,2012,1049178
MORA,2013,1148552
MORA,2014,1264259
MORA,2015,1237231
MORA,2016,1356913
MORA,2017,1415867
MORA,2018,1518491
MORA,2019,1501621
MORA,2020,1160754
NOCA,1904,
NOCA,1905,
NOCA,1906,
NOCA,1907,
NOCA,1908,
NOCA,1909,
NOCA,1910,
NOCA,1911,
NOCA,1912,
NOCA,1913,
NOCA,1914,
NOCA,1915,
NOCA,1916,
NOCA,1917,
NOCA,1918,
NOCA,1919,
NOCA,1920,
NOCA,1921,
NOCA,1922,
NOCA,1923,
NOCA,1924,
NOCA,1925,
NOCA,1926,
NOCA,1927,
NOCA,1928,
NOCA,1929,
NOCA,1930,
NOCA,1931,
NOCA,1932,
NOCA,1933,
NOCA,1934,
NOCA,1935,
NOCA,1936,
NOCA,1937,
NOCA,1938,
NOCA,1939,
NOCA,1940,
NOCA,1941,
NOCA,1942,
NOCA,1943,
NOCA,1944,
NOCA,1945,
NOCA,1946,
NOCA,1947,
NOCA,1948,
NOCA,1949,
NOCA,1950,
NOCA,1951,
NOCA,1952,
NOCA,1953,
NOCA,1954,
NOCA,1955,
NOCA,1956,
NOCA,1957,
NOCA,1958,
NOCA,1959,
NOCA,1960,
NOCA,1961,
NOCA,1962,
NOCA,1963,
NOCA,1964,
NOCA,1965,
NOCA,1966,
NOCA,1967,
NOCA,1968,
NOCA,1969,
NOCA,1970,295000
NOCA,1971,210800
NOCA,1972,546266
NOCA,1973,865600
NOCA,1974,882000
NOCA,1975,866200
NOCA,1976,765600
NOCA,1977,682300
NOCA,1978,917581
NOCA,1979,742997
NOCA,1980,796079
NOCA,1981,829026
NOCA,1982,857016
NOCA,1983,858041
NOCA,1984,637836
NOCA,1985,629234
NOCA,1986,683056
NOCA,1987,651606
NOCA,1988,605967
NOCA,1989,391433
NOCA,1990,456444
NOCA,1991,22796
NOCA,1992,20295
NOCA,1993,21378
NOCA,1994,19323
NOCA,1995,65984
NOCA,1996,27910
NOCA,1997,27203
NOCA,1998,32753
NOCA,1999,21488
NOCA,2000,25704
NOCA,2001,27739
NOCA,2002,20691
NOCA,2003,20724
NOCA,2004,16912
NOCA,2005,18686
NOCA,2006,19167
NOCA,2007,19534
NOCA,2008,18725
NOCA,2009,26972
NOCA,2010,24659
NOCA,2011,19208
NOCA,2012,26935
NOCA,2013,21623
NOCA,2014,23865
NOCA,2015,20677
NOCA,2016,28646
NOCA,2017,30326
NOCA,2018,30085
NOCA,2019,38208
NOCA,2020,30885
OLYM,1904,
OLYM,1905,
OLYM,1906,
OLYM,1907,
OLYM,1908,
OLYM,1909,
OLYM,1910,
OLYM,1911,
OLYM,1912,
OLYM,1913,
OLYM,1914,
OLYM,1915,
OLYM,1916,
OLYM,1917,
OLYM,1918,
OLYM,1919,
OLYM,1920,
OLYM,1921,
OLYM,1922,
OLYM,1923,
OLYM,1924,
OLYM,1925,
OLYM,1926,
OLYM,1927,
OLYM,1928,
OLYM,1929,
OLYM,1930,
OLYM,1931,
OLYM,1932,
OLYM,1933,
OLYM,1934,
OLYM,1935,2200
OLYM,1936,24600
OLYM,1937,23520
OLYM,1938,75310
OLYM,1939,42125
OLYM,1940,91863
OLYM,1941,92667
OLYM,1942,72349
OLYM,1943,56681
OLYM,1944,56076
OLYM,1945,106740
OLYM,1946,123698
OLYM,1947,180617
OLYM,1948,191578
OLYM,1949,414787
OLYM,1950,404125
OLYM,1951,414916
OLYM,1952,449117
OLYM,1953,625703
OLYM,1954,663100
OLYM,1955,744900
OLYM,1956,864600
OLYM,1957,864800
OLYM,1958,1181500
OLYM,1959,1077400
OLYM,1960,1160400
OLYM,1961,1519500
OLYM,1962,2044400
OLYM,1963,1576200
OLYM,1964,1343600
OLYM,1965,2058000
OLYM,1966,1752000
OLYM,1967,1905300
OLYM,1968,2013800
OLYM,1969,2135900
OLYM,1970,2283100
OLYM,1971,1621400
OLYM,1972,2464637
OLYM,1973,2384800
OLYM,1974,2094100
OLYM,1975,2289200
OLYM,1976,2327400
OLYM,1977,2293900
OLYM,1978,2534680
OLYM,1979,2078843
OLYM,1980,2032418
OLYM,1981,2306032
OLYM,1982,2478739
OLYM,1983,2410722
OLYM,1984,2759011
OLYM,1985,2532145
OLYM,1986,2940034
OLYM,1987,2822850
OLYM,1988,2959122
OLYM,1989,2737611
OLYM,1990,2794903
OLYM,1991,2759673
OLYM,1992,3030195
OLYM,1993,2679598
OLYM,1994,3381573
OLYM,1995,3658615
OLYM,1996,3348723
OLYM,1997,3846709
OLYM,1998,3577007
OLYM,1999,3364266
OLYM,2000,3327722
OLYM,2001,3416069
OLYM,2002,3691310
OLYM,2003,3225327
OLYM,2004,3073722
OLYM,2005,3142774
OLYM,2006,2749197
OLYM,2007,2988686
OLYM,2008,3081451
OLYM,2009,3276459
OLYM,2010,2844563
OLYM,2011,2966502
OLYM,2012,2824908
OLYM,2013,3085340
OLYM,2014,3243872
OLYM,2015,3263761
OLYM,2016,3390221
OLYM,2017,3401996
OLYM,2018,3104455
OLYM,2019,3245806
OLYM,2020,2499177
PEFO,1904,
PEFO,1905,
PEFO,1906,
PEFO,1907,
PEFO,1908,
PEFO,1909,
PEFO,1910,
PEFO,1911,
PEFO,1912,
PEFO,1913,
PEFO,1914,
PEFO,1915,
PEFO,1916,
PEFO,1917,
PEFO,1918,
PEFO,1919,3000
PEFO,1920,30390
PEFO,1921,32700
PEFO,1922,31338
PEFO,1923,45475
PEFO,1924,42781
PEFO,1925,55227
PEFO,1926,53345
PEFO,1927,61761
PEFO,1928,75225
PEFO,1929,69350
PEFO,1930,105433
PEFO,1931,93980
PEFO,1932,84228
PEFO,1933,224613
PEFO,1934,222666
PEFO,1935,69362
PEFO,1936,161194
PEFO,1937,124365
PEFO,1938,212547
PEFO,1939,189421
PEFO,1940,199420
PEFO,1941,245640
PEFO,1942,73029
PEFO,1943,34791
PEFO,1944,40729
PEFO,1945,100694
PEFO,1946,286507
PEFO,1947,341599
PEFO,1948,343160
PEFO,1949,341961
PEFO,1950,352889
PEFO,1951,335608
PEFO,1952,374333
PEFO,1953,403565
PEFO,1954,419800
PEFO,1955,441700
PEFO,1956,603000
PEFO,1957,665700
PEFO,1958,713100
PEFO,1959,878400
PEFO,1960,911500
PEFO,1961,671000
PEFO,1962,705000
PEFO,1963,786000
PEFO,1964,884000
PEFO,1965,867800
PEFO,1966,849800
PEFO,1967,797200
PEFO,1968,869400
PEFO,1969,1004900
PEFO,1970,1151400
PEFO,1971,1072000
PEFO,1972,1223473
PEFO,1973,1065100
PEFO,1974,781000
PEFO,1975,979400
PEFO,1976,1066200
PEFO,1977,857300
PEFO,1978,951402
PEFO,1979,671583
PEFO,1980,683121
PEFO,1981,747832
PEFO,1982,710619
PEFO,1983,708512
PEFO,1984,714761
PEFO,1985,736659
PEFO,1986,761257
PEFO,1987,758082
PEFO,1988,857031
PEFO,1989,824141
PEFO,1990,844592
PEFO,1991,874521
PEFO,1992,930031
PEFO,1993,936429
PEFO,1994,922927
PEFO,1995,935065
PEFO,1996,829495
PEFO,1997,823266
PEFO,1998,816506
PEFO,1999,666978
PEFO,2000,605192
PEFO,2001,583904
PEFO,2002,571586
PEFO,2003,586245
PEFO,2004,580000
PEFO,2005,598378
PEFO,2006,581681
PEFO,2007,563590
PEFO,2008,543714
PEFO,2009,631613
PEFO,2010,664725
PEFO,2011,614054
PEFO,2012,664857
PEFO,2013,644648
PEFO,2014,836799
PEFO,2015,793225
PEFO,2016,643274
PEFO,2017,627757
PEFO,2018,644922
PEFO,2019,643588
PEFO,2020,384483
PINN,1904,
PINN,1905,
PINN,1906,
PINN,1907,
PINN,1908,
PINN,1909,
PINN,1910,
PINN,1911,
PINN,1912,
PINN,1913,
PINN,1914,
PINN,1915,
PINN,1916,
PINN,1917,
PINN,1918,
PINN,1919,
PINN,1920,
PINN,1921,
PINN,1922,
PINN,1923,6500
PINN,1924,8973
PINN,1925,10000
PINN,1926,10167
PINN,1927,11265
PINN,1928,13216
PINN,1929,10756
PINN,1930,11862
PINN,1931,12813
PINN,1932,14238
PINN,1933,9957
PINN,1934,20129
PINN,1935,17872
PINN,1936,18614
PINN,1937,22426
PINN,1938,22266
PINN,1939,24717
PINN,1940,25068
PINN,1941,27131
PINN,1942,10311
PINN,1943,4570
PINN,1944,3845
PINN,1945,7494
PINN,1946,16298
PINN,1947,18328
PINN,1948,20331
PINN,1949,24557
PINN,1950,24814
PINN,1951,27090
PINN,1952,28236
PINN,1953,42199
PINN,1954,38300
PINN,1955,36500
PINN,1956,40300
PINN,1957,53200
PINN,1958,54900
PINN,1959,71400
PINN,1960,72000
PINN,1961,76900
PINN,1962,81500
PINN,1963,97000
PINN,1964,103200
PINN,1965,118000
PINN,1966,117900
PINN,1967,160600
PINN,1968,147000
PINN,1969,147000
PINN,1970,166200
PINN,1971,169200
PINN,1972,168896
PINN,1973,155500
PINN,1974,138500
PINN,1975,162200
PINN,1976,156900
PINN,1977,160500
PINN,1978,155822
PINN,1979,153717
PINN,1980,163626
PINN,1981,155205
PINN,1982,171026
PINN,1983,170631
PINN,1984,166258
PINN,1985,191578
PINN,1986,198236
PINN,1987,204705
PINN,1988,212094
PINN,1989,218601
PINN,1990,214268
PINN,1991,192610
PINN,1992,191683
PINN,1993,194757
PINN,1994,172642
PINN,1995,177527
PINN,1996,164465
PINN,1997,171971
PINN,1998,94639
PINN,1999,164854
PINN,2000,162110
PINN,2001,178243
PINN,2002,162266
PINN,2003,162791
PINN,2004,157397
PINN,2005,170994
PINN,2006,158824
PINN,2007,161019
PINN,2008,166988
PINN,2009,171112
PINN,2010,246575
PINN,2011,393219
PINN,2012,224476
PINN,2013,237677
PINN,2014,196635
PINN,2015,206533
PINN,2016,215555
PINN,2017,233334
PINN,2018,222152
PINN,2019,177224
PINN,2020,165740
REDW,1904,
REDW,1905,
REDW,1906,
REDW,1907,
REDW,1908,
REDW,1909,
REDW,1910,
REDW,1911,
REDW,1912,
REDW,1913,
REDW,1914,
REDW,1915,
REDW,1916,
REDW,1917,
REDW,1918,
REDW,1919,
REDW,1920,
REDW,1921,
REDW,1922,
REDW,1923,
REDW,1924,
REDW,1925,
REDW,1926,
REDW,1927,
REDW,1928,
REDW,1929,
REDW,1930,
REDW,1931,
REDW,1932,
REDW,1933,
REDW,1934,
REDW,1935,
REDW,1936,
REDW,1937,
REDW,1938,
REDW,1939,
REDW,1940,
REDW,1941,
REDW,1942,
REDW,1943,
REDW,1944,
REDW,1945,
REDW,1946,
REDW,1947,
REDW,1948,
REDW,1949,
REDW,1950,
REDW,1951,
REDW,1952,
REDW,1953,
REDW,1954,
REDW,1955,
REDW,1956,
REDW,1957,
REDW,1958,
REDW,1959,
REDW,1960,
REDW,1961,
REDW,1962,
REDW,1963,
REDW,1964,
REDW,1965,
REDW,1966,
REDW,1967,
REDW,1968,
REDW,1969,
REDW,1970,
REDW,1971,34500
REDW,1972,104304
REDW,1973,210500
REDW,1974,297400
REDW,1975,368200
REDW,1976,421700
REDW,1977,477900
REDW,1978,448012
REDW,1979,413917
REDW,1980,471710
REDW,1981,549461
REDW,1982,467126
REDW,1983,473711
REDW,1984,467155
REDW,1985,505791
REDW,1986,567849
REDW,1987,610897
REDW,1988,677135
REDW,1989,654115
REDW,1990,348458
REDW,1991,366280
REDW,1992,387781
REDW,1993,421027
REDW,1994,475033
REDW,1995,552464
REDW,1996,426938
REDW,1997,382488
REDW,1998,383188
REDW,1999,369726
REDW,2000,383253
REDW,2001,388352
REDW,2002,404789
REDW,2003,408126
REDW,2004,392029
REDW,2005,394144
REDW,2006,383780
REDW,2007,385171
REDW,2008,396899
REDW,2009,444426
REDW,2010,418820
REDW,2011,380167
REDW,2012,352517
REDW,2013,393364
REDW,2014,429166
REDW,2015,527143
REDW,2016,536297
REDW,2017,445000
REDW,2018,482536
REDW,2019,504722
REDW,2020,265177
ROMO,1904,
ROMO,1905,
ROMO,1906,
ROMO,1907,
ROMO,1908,
ROMO,1909,
ROMO,1910,
ROMO,1911,
ROMO,1912,
ROMO,1913,
ROMO,1914,
ROMO,1915,31000
ROMO,1916,51000
ROMO,1917,117186
ROMO,1918,101497
ROMO,1919,169492
ROMO,1920,240966
ROMO,1921,273737
ROMO,1922,219164
ROMO,1923,218000
ROMO,1924,224211
ROMO,1925,233912
ROMO,1926,225027
ROMO,1927,229862
ROMO,1928,235057
ROMO,1929,274408
ROMO,1930,255874
ROMO,1931,265663
ROMO,1932,282980
ROMO,1933,291934
ROMO,1934,365392
ROMO,1935,367568
ROMO,1936,550496
ROMO,1937,651899
ROMO,1938,659802
ROMO,1939,609029
ROMO,1940,627847
ROMO,1941,681845
ROMO,1942,383670
ROMO,1943,124353
ROMO,1944,211953
ROMO,1945,356793
ROMO,1946,804588
ROMO,1947,923065
ROMO,1948,1023262
ROMO,1949,1148216
ROMO,1950,1275160
ROMO,1951,1167093
ROMO,1952,1364503
ROMO,1953,1420152
ROMO,1954,1425600
ROMO,1955,1454000
ROMO,1956,1587400
ROMO,1957,1508200
ROMO,1958,1478200
ROMO,1959,1459600
ROMO,1960,1532500
ROMO,1961,1538000
ROMO,1962,1773800
ROMO,1963,1855400
ROMO,1964,1885900
ROMO,1965,1619800
ROMO,1966,1865600
ROMO,1967,1915200
ROMO,1968,2187600
ROMO,1969,2217200
ROMO,1970,2357900
ROMO,1971,2449900
ROMO,1972,2513420
ROMO,1973,2507600
ROMO,1974,2489300
ROMO,1975,2842200
ROMO,1976,2727900
ROMO,1977,2882100
ROMO,1978,3024868
ROMO,1979,2568530
ROMO,1980,2641937
ROMO,1981,2911242
ROMO,1982,2564116
ROMO,1983,2599006
ROMO,1984,2231448
ROMO,1985,2248854
ROMO,1986,2408234
ROMO,1987,2531864
ROMO,1988,2544211
ROMO,1989,2502915
ROMO,1990,2647323
ROMO,1991,2751781
ROMO,1992,2788868
ROMO,1993,2780342
ROMO,1994,2968450
ROMO,1995,2878169
ROMO,1996,2923755
ROMO,1997,2965354
ROMO,1998,3035422
ROMO,1999,3186323
ROMO,2000,3185392
ROMO,2001,3139685
ROMO,2002,2988475
ROMO,2003,3067256
ROMO,2004,2781899
ROMO,2005,2798368
ROMO,2006,2743676
ROMO,2007,2895383
ROMO,2008,2757390
ROMO,2009,2822325
ROMO,2010,2955821
ROMO,2011,3176941
ROMO,2012,3229617
ROMO,2013,2991141
ROMO,2014,3434751
ROMO,2015,4155916
ROMO,2016,4517585
ROMO,2017,4437215
ROMO,2018,4590493
ROMO,2019,4670053
ROMO,2020,3305199
SAGU,1904,
SAGU,1905,
SAGU,1906,
SAGU,1907,
SAGU,1908,
SAGU,1909,
SAGU,1910,
SAGU,1911,
SAGU,1912,
SAGU,1913,
SAGU,1914,
SAGU,1915,
SAGU,1916,
SAGU,1917,
SAGU,1918,
SAGU,1919,
SAGU,1920,5000
SAGU,1921,3000
SAGU,1922,8000
SAGU,1923,6000
SAGU,1924,10000
SAGU,1925,30000
SAGU,1926,53000
SAGU,1927,60540
SAGU,1928,66450
SAGU,1929,87600
SAGU,1930,50000
SAGU,1931,
SAGU,1932,
SAGU,1933,
SAGU,1934,2500
SAGU,1935,9900
SAGU,1936,15000
SAGU,1937,20000
SAGU,1938,20422
SAGU,1939,18000
SAGU,1940,16892
SAGU,1941,15506
SAGU,1942,7855
SAGU,1943,4988
SAGU,1944,5129
SAGU,1945,6395
SAGU,1946,16811
SAGU,1947,16610
SAGU,1948,20468
SAGU,1949,23665
SAGU,1950,36220
SAGU,1951,40637
SAGU,1952,60466
SAGU,1953,65165
SAGU,1954,77600
SAGU,1955,86600
SAGU,1956,101200
SAGU,1957,134300
SAGU,1958,122700
SAGU,1959,133900
SAGU,1960,141000
SAGU,1961,145100
SAGU,1962,146300
SAGU,1963,177000
SAGU,1964,215900
SAGU,1965,229700
SAGU,1966,228400
SAGU,1967,267800
SAGU,1968,307100
SAGU,1969,409000
SAGU,1970,351800
SAGU,1971,323300
SAGU,1972,319084
SAGU,1973,390800
SAGU,1974,363800
SAGU,1975,395100
SAGU,1976,401000
SAGU,1977,422500
SAGU,1978,549112
SAGU,1979,566486
SAGU,1980,611317
SAGU,1981,470598
SAGU,1982,566807
SAGU,1983,634688
SAGU,1984,699292
SAGU,1985,636711
SAGU,1986,613651
SAGU,1987,689933
SAGU,1988,675397
SAGU,1989,706191
SAGU,1990,702328
SAGU,1991,679034
SAGU,1992,810059
SAGU,1993,828267
SAGU,1994,768685
SAGU,1995,732813
SAGU,1996,671643
SAGU,1997,739410
SAGU,1998,716160
SAGU,1999,749014
SAGU,2000,765195
SAGU,2001,725874
SAGU,2002,615045
SAGU,2003,643697
SAGU,2004,651464
SAGU,2005,727208
SAGU,2006,619983
SAGU,2007,658477
SAGU,2008,699137
SAGU,2009,665234
SAGU,2010,717614
SAGU,2011,610045
SAGU,2012,634286
SAGU,2013,678261
SAGU,2014,673572
SAGU,2015,753446
SAGU,2016,820426
SAGU,2017,964760
SAGU,2018,957405
SAGU,2019,1020226
SAGU,2020,762226
SEKI,1904,
SEKI,1905,
SEKI,1906,700
SEKI,1907,900
SEKI,1908,1251
SEKI,1909,854
SEKI,1910,2407
SEKI,1911,3114
SEKI,1912,2923
SEKI,1913,3823
SEKI,1914,4667
SEKI,1915,7647
SEKI,1916,10780
SEKI,1917,18510
SEKI,1918,15001
SEKI,1919,30443
SEKI,1920,31508
SEKI,1921,28263
SEKI,1922,27514
SEKI,1923,30158
SEKI,1924,34468
SEKI,1925,46677
SEKI,1926,89404
SEKI,1927,100684
SEKI,1928,98035
SEKI,1929,111385
SEKI,1930,129221
SEKI,1931,143573
SEKI,1932,131398
SEKI,1933,126464
SEKI,1934,147533
SEKI,1935,205783
SEKI,1936,230714
SEKI,1937,243661
SEKI,1938,260139
SEKI,1939,275329
SEKI,1940,282198
SEKI,1941,302530
SEKI,1942,154880
SEKI,1943,62780
SEKI,1944,54600
SEKI,1945,137875
SEKI,1946,315365
SEKI,1947,373892
SEKI,1948,403968
SEKI,1949,367627
SEKI,1950,379218
SEKI,1951,452538
SEKI,1952,472062
SEKI,1953,501259
SEKI,1954,484700
SEKI,1955,518000
SEKI,1956,538100
SEKI,1957,535800
SEKI,1958,512200
SEKI,1959,547300
SEKI,1960,610800
SEKI,1961,610200
SEKI,1962,687400
SEKI,1963,631700
SEKI,1964,654100
SEKI,1965,877300
SEKI,1966,797800
SEKI,1967,746900
SEKI,1968,874300
SEKI,1969,919300
SEKI,1970,875700
SEKI,1971,878500
SEKI,1972,867051
SEKI,1973,845500
SEKI,1974,686600
SEKI,1975,957000
SEKI,1976,1040600
SEKI,1977,978200
SEKI,1978,973056
SEKI,1979,799576
SEKI,1980,862397
SEKI,1981,1083002
SEKI,1982,1020500
SEKI,1983,854233
SEKI,1984,979632
SEKI,1985,939468
SEKI,1986,1056527
SEKI,1987,1139389
SEKI,1988,1031129
SEKI,1989,1056020
SEKI,1990,1063538
SEKI,1991,1120278
SEKI,1992,961095
SEKI,1993,1066552
SEKI,1994,1034133
SEKI,1995,844582
SEKI,1996,838060
SEKI,1997,1008931
SEKI,1998,861303
SEKI,1999,873229
SEKI,2000,838947
SEKI,2001,870327
SEKI,2002,920292
SEKI,2003,979297
SEKI,2004,1000177
SEKI,2005,1004843
SEKI,2006,954507
SEKI,2007,979537
SEKI,2008,930011
SEKI,2009,965170
SEKI,2010,1002979
SEKI,2011,1006583
SEKI,2012,1106584
SEKI,2013,909274
SEKI,2014,1039137
SEKI,2015,1097464
SEKI,2016,1254688
SEKI,2017,1291256
SEKI,2018,1229594
SEKI,2019,1246053
SEKI,2020,796086
SHEN,1904,
SHEN,1905,
SHEN,1906,
SHEN,1907,
SHEN,1908,
SHEN,1909,
SHEN,1910,
SHEN,1911,
SHEN,1912,
SHEN,1913,
SHEN,1914,
SHEN,1915,
SHEN,1916,
SHEN,1917,
SHEN,1918,
SHEN,1919,
SHEN,1920,
SHEN,1921,
SHEN,1922,
SHEN,1923,
SHEN,1924,
SHEN,1925,
SHEN,1926,
SHEN,1927,
SHEN,1928,
SHEN,1929,
SHEN,1930,
SHEN,1931,
SHEN,1932,
SHEN,1933,
SHEN,1934,
SHEN,1935,
SHEN,1936,694098
SHEN,1937,1041204
SHEN,1938,954967
SHEN,1939,911612
SHEN,1940,950807
SHEN,1941,1071199
SHEN,1942,138098
SHEN,1943,41831
SHEN,1944,137831
SHEN,1945,542718
SHEN,1946,709789
SHEN,1947,858630
SHEN,1948,932068
SHEN,1949,1157946
SHEN,1950,1279387
SHEN,1951,1412499
SHEN,1952,1494647
SHEN,1953,1673346
SHEN,1954,1659600
SHEN,1955,1543400
SHEN,1956,1623500
SHEN,1957,1655500
SHEN,1958,1655300
SHEN,1959,1786700
SHEN,1960,1780100
SHEN,1961,1929300
SHEN,1962,2049400
SHEN,1963,2237800
SHEN,1964,2276200
SHEN,1965,2289400
SHEN,1966,2349100
SHEN,1967,2133100
SHEN,1968,2273200
SHEN,1969,2400900
SHEN,1970,2411500
SHEN,1971,2140600
SHEN,1972,2038224
SHEN,1973,2308400
SHEN,1974,1949400
SHEN,1975,2420600
SHEN,1976,2448600
SHEN,1977,2789100
SHEN,1978,2002205
SHEN,1979,1521451
SHEN,1980,1699228
SHEN,1981,1819546
SHEN,1982,1751972
SHEN,1983,1768378
SHEN,1984,1869307
SHEN,1985,1933085
SHEN,1986,1843985
SHEN,1987,1767727
SHEN,1988,1937155
SHEN,1989,1873817
SHEN,1990,1771780
SHEN,1991,1939486
SHEN,1992,1822193
SHEN,1993,1951366
SHEN,1994,1926883
SHEN,1995,1757794
SHEN,1996,1571019
SHEN,1997,1587790
SHEN,1998,1473100
SHEN,1999,1339286
SHEN,2000,1419579
SHEN,2001,1498561
SHEN,2002,1389244
SHEN,2003,1163950
SHEN,2004,1261000
SHEN,2005,1094912
SHEN,2006,1076150
SHEN,2007,1107227
SHEN,2008,1075878
SHEN,2009,1120981
SHEN,2010,1253386
SHEN,2011,1209883
SHEN,2012,1210200
SHEN,2013,1136505
SHEN,2014,1255321
SHEN,2015,1321873
SHEN,2016,1437341
SHEN,2017,1458874
SHEN,2018,1264880
SHEN,2019,1425507
SHEN,2020,1666265
THRO,1904,
THRO,1905,
THRO,1906,
THRO,1907,
THRO,1908,
THRO,1909,
THRO,1910,
THRO,1911,
THRO,1912,
THRO,1913,
THRO,1914,
THRO,1915,
THRO,1916,
THRO,1917,
THRO,1918,
THRO,1919,
THRO,1920,
THRO,1921,
THRO,1922,
THRO,1923,
THRO,1924,
THRO,1925,
THRO,1926,
THRO,1927,
THRO,1928,
THRO,1929,
THRO,1930,
THRO,1931,
THRO,1932,
THRO,1933,
THRO,1934,
THRO,1935,
THRO,1936,
THRO,1937,
THRO,1938,
THRO,1939,
THRO,1940,
THRO,1941,0
THRO,1942,0
THRO,1943,0
THRO,1944,0
THRO,1945,0
THRO,1946,0
THRO,1947,0
THRO,1948,26773
THRO,1949,82810
THRO,1950,71447
THRO,1951,81590
THRO,1952,131773
THRO,1953,120804
THRO,1954,133600
THRO,1955,125100
THRO,1956,154700
THRO,1957,129100
THRO,1958,163500
THRO,1959,182300
THRO,1960,223200
THRO,1961,235600
THRO,1962,245700
THRO,1963,237500
THRO,1964,261500
THRO,1965,233600
THRO,1966,500300
THRO,1967,555800
THRO,1968,562400
THRO,1969,658700
THRO,1970,680000
THRO,1971,707200
THRO,1972,998849
THRO,1973,849700
THRO,1974,698600
THRO,1975,800900
THRO,1976,937600
THRO,1977,828400
THRO,1978,825985
THRO,1979,591646
THRO,1980,595734
THRO,1981,702873
THRO,1982,677014
THRO,1983,415118
THRO,1984,361139
THRO,1985,377152
THRO,1986,390553
THRO,1987,424846
THRO,1988,413527
THRO,1989,459171
THRO,1990,460718
THRO,1991,468926
THRO,1992,475937
THRO,1993,475160
THRO,1994,505349
THRO,1995,460699
THRO,1996,436081
THRO,1997,393265
THRO,1998,448286
THRO,1999,431311
THRO,2000,431813
THRO,2001,446609
THRO,2002,471551
THRO,2003,490295
THRO,2004,474589
THRO,2005,493198
THRO,2006,435359
THRO,2007,456588
THRO,2008,516804
THRO,2009,586928
THRO,2010,623748
THRO,2011,563407
THRO,2012,640555
THRO,2013,545090
THRO,2014,559580
THRO,2015,580033
THRO,2016,753880
THRO,2017,708003
THRO,2018,749389
THRO,2019,691658
THRO,2020,551303
VOYA,1904,
VOYA,1905,
VOYA,1906,
VOYA,1907,
VOYA,1908,
VOYA,1909,
VOYA,1910,
VOYA,1911,
VOYA,1912,
VOYA,1913,
VOYA,1914,
VOYA,1915,
VOYA,1916,
VOYA,1917,
VOYA,1918,
VOYA,1919,
VOYA,1920,
VOYA,1921,
VOYA,1922,
VOYA,1923,
VOYA,1924,
VOYA,1925,
VOYA,1926,
VOYA,1927,
VOYA,1928,
VOYA,1929,
VOYA,1930,
VOYA,1931,
VOYA,1932,
VOYA,1933,
VOYA,1934,
VOYA,1935,
VOYA,1936,
VOYA,1937,
VOYA,1938,
VOYA,1939,
VOYA,1940,
VOYA,1941,
VOYA,1942,
VOYA,1943,
VOYA,1944,
VOYA,1945,
VOYA,1946,
VOYA,1947,
VOYA,1948,
VOYA,1949,
VOYA,1950,
VOYA,1951,
VOYA,1952,
VOYA,1953,
VOYA,1954,
VOYA,1955,
VOYA,1956,
VOYA,1957,
VOYA,1958,
VOYA,1959,
VOYA,1960,
VOYA,1961,
VOYA,1962,
VOYA,1963,
VOYA,1964,
VOYA,1965,
VOYA,1966,
VOYA,1967,
VOYA,1968,
VOYA,1969,
VOYA,1970,
VOYA,1971,
VOYA,1972,
VOYA,1973,
VOYA,1974,
VOYA,1975,
VOYA,1976,121200
VOYA,1977,140300
VOYA,1978,255426
VOYA,1979,195277
VOYA,1980,266935
VOYA,1981,257490
VOYA,1982,143724
VOYA,1983,146454
VOYA,1984,154723
VOYA,1985,183984
VOYA,1986,172137
VOYA,1987,201727
VOYA,1988,223735
VOYA,1989,209626
VOYA,1990,223554
VOYA,1991,221857
VOYA,1992,227498
VOYA,1993,228143
VOYA,1994,224181
VOYA,1995,210938
VOYA,1996,246588
VOYA,1997,223418
VOYA,1998,231958
VOYA,1999,228898
VOYA,2000,227371
VOYA,2001,243374
VOYA,2002,238227
VOYA,2003,234231
VOYA,2004,249041
VOYA,2005,234577
VOYA,2006,231875
VOYA,2007,220650
VOYA,2008,221585
VOYA,2009,222429
VOYA,2010,253891
VOYA,2011,177184
VOYA,2012,214841
VOYA,2013,233390
VOYA,2014,239160
VOYA,2015,238313
VOYA,2016,241912
VOYA,2017,237250
VOYA,2018,239656
VOYA,2019,232974
VOYA,2020,263091
WICA,1904,2900
WICA,1905,2438
WICA,1906,2787
WICA,1907,2751
WICA,1908,3171
WICA,1909,3216
WICA,1910,3387
WICA,1911,3887
WICA,1912,3199
WICA,1913,3988
WICA,1914,3592
WICA,1915,2817
WICA,1916,9000
WICA,1917,16742
WICA,1918,36000
WICA,1919,25000
WICA,1920,38000
WICA,1921,28336
WICA,1922,31016
WICA,1923,41505
WICA,1924,52166
WICA,1925,69267
WICA,1926,85466
WICA,1927,81023
WICA,1928,100309
WICA,1929,108943
WICA,1930,88000
WICA,1931,85000
WICA,1932,12539
WICA,1933,10460
WICA,1934,15205
WICA,1935,20207
WICA,1936,16605
WICA,1937,19075
WICA,1938,19132
WICA,1939,16202
WICA,1940,18028
WICA,1941,21095
WICA,1942,10650
WICA,1943,2989
WICA,1944,3784
WICA,1945,10298
WICA,1946,84800
WICA,1947,102227
WICA,1948,108331
WICA,1949,118268
WICA,1950,79344
WICA,1951,130337
WICA,1952,352577
WICA,1953,305875
WICA,1954,276700
WICA,1955,267900
WICA,1956,279200
WICA,1957,284900
WICA,1958,279400
WICA,1959,265600
WICA,1960,864600
WICA,1961,700200
WICA,1962,818600
WICA,1963,931100
WICA,1964,894300
WICA,1965,885600
WICA,1966,928500
WICA,1967,882100
WICA,1968,962200
WICA,1969,896600
WICA,1970,997100
WICA,1971,550100
WICA,1972,505000
WICA,1973,479900
WICA,1974,428700
WICA,1975,324500
WICA,1976,458100
WICA,1977,532700
WICA,1978,539053
WICA,1979,457443
WICA,1980,473061
WICA,1981,503424
WICA,1982,467392
WICA,1983,503739
WICA,1984,536022
WICA,1985,477585
WICA,1986,483334
WICA,1987,563720
WICA,1988,578016
WICA,1989,561758
WICA,1990,586464
WICA,1991,597057
WICA,1992,660296
WICA,1993,537075
WICA,1994,871061
WICA,1995,805688
WICA,1996,781171
WICA,1997,832033
WICA,1998,849974
WICA,1999,761717
WICA,2000,668507
WICA,2001,650357
WICA,2002,810298
WICA,2003,874167
WICA,2004,593877
WICA,2005,612478
WICA,2006,591049
WICA,2007,603158
WICA,2008,573433
WICA,2009,587868
WICA,2010,577141
WICA,2011,538394
WICA,2012,529083
WICA,2013,516142
WICA,2014,547022
WICA,2015,612198
WICA,2016,617377
WICA,2017,619924
WICA,2018,656397
WICA,2019,615350
WICA,2020,448405
WRST,1904,
WRST,1905,
WRST,1906,
WRST,1907,
WRST,1908,
WRST,1909,
WRST,1910,
WRST,1911,
WRST,1912,
WRST,1913,
WRST,1914,
WRST,1915,
WRST,1916,
WRST,1917,
WRST,1918,
WRST,1919,
WRST,1920,
WRST,1921,
WRST,1922,
WRST,1923,
WRST,1924,
WRST,1925,
WRST,1926,
WRST,1927,
WRST,1928,
WRST,1929,
WRST,1930,
WRST,1931,
WRST,1932,
WRST,1933,
WRST,1934,
WRST,1935,
WRST,1936,
WRST,1937,
WRST,1938,
WRST,1939,
WRST,1940,
WRST,1941,
WRST,1942,
WRST,1943,
WRST,1944,
WRST,1945,
WRST,1946,
WRST,1947,
WRST,1948,
WRST,1949,
WRST,1950,
WRST,1951,
WRST,1952,
WRST,1953,
WRST,1954,
WRST,1955,
WRST,1956,
WRST,1957,
WRST,1958,
WRST,1959,
WRST,1960,
WRST,1961,
WRST,1962,
WRST,1963,
WRST,1964,
WRST,1965,
WRST,1966,
WRST,1967,
WRST,1968,
WRST,1969,
WRST,1970,
WRST,1971,
WRST,1972,
WRST,1973,
WRST,1974,
WRST,1975,
WRST,1976,
WRST,1977,
WRST,1978,
WRST,1979,
WRST,1980,
WRST,1981,
WRST,1982,14871
WRST,1983,18760
WRST,1984,22183
WRST,1985,23171
WRST,1986,26557
WRST,1987,29191
WRST,1988,31046
WRST,1989,33221
WRST,1990,35976
WRST,1991,38971
WRST,1992,42229
WRST,1993,45335
WRST,1994,50146
WRST,1995,54430
WRST,1996,31467
WRST,1997,31833
WRST,1998,27859
WRST,1999,29252
WRST,2000,28331
WRST,2001,28643
WRST,2002,40352
WRST,2003,43311
WRST,2004,57221
WRST,2005,56224
WRST,2006,50336
WRST,2007,61085
WRST,2008,65693
WRST,2009,59966
WRST,2010,73170
WRST,2011,65225
WRST,2012,87158
WRST,2013,69984
WRST,2014,74722
WRST,2015,80366
WRST,2016,79047
WRST,2017,68292
WRST,2018,79450
WRST,2019,74518
WRST,2020,16655
YELL,1904,13727
YELL,1905,26188
YELL,1906,17182
YELL,1907,16414
YELL,1908,19542
YELL,1909,32545
YELL,1910,19575
YELL,1911,23054
YELL,1912,22970
YELL,1913,24929
YELL,1914,20250
YELL,1915,51895
YELL,1916,35849
YELL,1917,35400
YELL,1918,21275
YELL,1919,62261
YELL,1920,79777
YELL,1921,81651
YELL,1922,98223
YELL,1923,138352
YELL,1924,144158
YELL,1925,154282
YELL,1926,187807
YELL,1927,200825
YELL,1928,230984
YELL,1929,260697
YELL,1930,227901
YELL,1931,221248
YELL,1932,157624
YELL,1933,161938
YELL,1934,260775
YELL,1935,317998
YELL,1936,432570
YELL,1937,499242
YELL,1938,466185
YELL,1939,486936
YELL,1940,526437
YELL,1941,579696
YELL,1942,185746
YELL,1943,61696
YELL,1944,86593
YELL,1945,189264
YELL,1946,807917
YELL,1947,937776
YELL,1948,1018279
YELL,1949,1131159
YELL,1950,1110524
YELL,1951,1163894
YELL,1952,1350295
YELL,1953,1326858
YELL,1954,1328900
YELL,1955,1368500
YELL,1956,1457800
YELL,1957,1595900
YELL,1958,1442400
YELL,1959,1408700
YELL,1960,1443300
YELL,1961,1524100
YELL,1962,1925200
YELL,1963,1872500
YELL,1964,1929300
YELL,1965,2062500
YELL,1966,2130300
YELL,1967,2210000
YELL,1968,2229700
YELL,1969,2193700
YELL,1970,2297300
YELL,1971,2120500
YELL,1972,2236888
YELL,1973,2061700
YELL,1974,1928900
YELL,1975,2239500
YELL,1976,2519200
YELL,1977,2481900
YELL,1978,2618380
YELL,1979,1892908
YELL,1980,2000269
YELL,1981,2521831
YELL,1982,2368897
YELL,1983,2347242
YELL,1984,2222027
YELL,1985,2226159
YELL,1986,2363756
YELL,1987,2573194
YELL,1988,2182113
YELL,1989,2644442
YELL,1990,2823572
YELL,1991,2920537
YELL,1992,3144405
YELL,1993,2912193
YELL,1994,3046145
YELL,1995,3125285
YELL,1996,3012171
YELL,1997,2889513
YELL,1998,3120830
YELL,1999,3131381
YELL,2000,2838233
YELL,2001,2758526
YELL,2002,2973677
YELL,2003,3019375
YELL,2004,2868317
YELL,2005,2835651
YELL,2006,2870295
YELL,2007,3151343
YELL,2008,3066580
YELL,2009,3295187
YELL,2010,3640185
YELL,2011,3394326
YELL,2012,3447729
YELL,2013,3188030
YELL,2014,3513484
YELL,2015,4097710
YELL,2016,4257177
YELL,2017,4116524
YELL,2018,4115000
YELL,2019,4020288
YELL,2020,3806306
YOSE,1904,
YOSE,1905,
YOSE,1906,5414
YOSE,1907,7102
YOSE,1908,8850
YOSE,1909,13182
YOSE,1910,13619
YOSE,1911,12530
YOSE,1912,10884
YOSE,1913,13735
YOSE,1914,15145
YOSE,1915,33452
YOSE,1916,33390
YOSE,1917,34510
YOSE,1918,33527
YOSE,1919,58362
YOSE,1920,68906
YOSE,1921,91513
YOSE,1922,100506
YOSE,1923,130046
YOSE,1924,105894
YOSE,1925,209166
YOSE,1926,274209
YOSE,1927,490430
YOSE,1928,460619
YOSE,1929,461257
YOSE,1930,458566
YOSE,1931,461855
YOSE,1932,498289
YOSE,1933,296088
YOSE,1934,309431
YOSE,1935,372317
YOSE,1936,431192
YOSE,1937,481492
YOSE,1938,443325
YOSE,1939,466552
YOSE,1940,506781
YOSE,1941,597863
YOSE,1942,319816
YOSE,1943,116682
YOSE,1944,120494
YOSE,1945,290569
YOSE,1946,640483
YOSE,1947,777622
YOSE,1948,745899
YOSE,1949,808372
YOSE,1950,820953
YOSE,1951,858405
YOSE,1952,973971
YOSE,1953,969225
YOSE,1954,1008000
YOSE,1955,984200
YOSE,1956,1114200
YOSE,1957,1138700
YOSE,1958,1139300
YOSE,1959,1061500
YOSE,1960,1150400
YOSE,1961,1227100
YOSE,1962,1505500
YOSE,1963,1473400
YOSE,1964,1547000
YOSE,1965,1635400
YOSE,1966,1817100
YOSE,1967,2238300
YOSE,1968,2281100
YOSE,1969,2291300
YOSE,1970,2277200
YOSE,1971,2342200
YOSE,1972,2190301
YOSE,1973,2254300
YOSE,1974,2274600
YOSE,1975,2537400
YOSE,1976,2682400
YOSE,1977,2392600
YOSE,1978,2569268
YOSE,1979,2350782
YOSE,1980,2490282
YOSE,1981,2516893
YOSE,1982,2415587
YOSE,1983,2457464
YOSE,1984,2738467
YOSE,1985,2831952
YOSE,1986,2876717
YOSE,1987,3152275
YOSE,1988,3216681
YOSE,1989,3308159
YOSE,1990,3124939
YOSE,1991,3423101
YOSE,1992,3819518
YOSE,1993,3839645
YOSE,1994,3962117
YOSE,1995,3958406
YOSE,1996,4046207
YOSE,1997,3669970
YOSE,1998,3657132
YOSE,1999,3493607
YOSE,2000,3400903
YOSE,2001,3368731
YOSE,2002,3361867
YOSE,2003,3378664
YOSE,2004,3280911
YOSE,2005,3304144
YOSE,2006,3242644
YOSE,2007,3503428
YOSE,2008,3431514
YOSE,2009,3737472
YOSE,2010,3901408
YOSE,2011,3951393
YOSE,2012,3853404
YOSE,2013,3691191
YOSE,2014,3882642
YOSE,2015,4150217
YOSE,2016,5028868
YOSE,2017,4336890
YOSE,2018,4009436
YOSE,2019,4422861
YOSE,2020,2268313
ZION,1904,
ZION,1905,
ZION,1906,
ZION,1907,
ZION,1908,
ZION,1909,
ZION,1910,
ZION,1911,
ZION,1912,
ZION,1913,
ZION,1914,
ZION,1915,
ZION,1916,
ZION,1917,
ZION,1918,
ZION,1919,1814
ZION,1920,3692
ZION,1921,2937
ZION,1922,4109
ZION,1923,6408
ZION,1924,8400
ZION,1925,16817
ZION,1926,21964
ZION,1927,24303
ZION,1928,30016
ZION,1929,33383
ZION,1930,55297
ZION,1931,59186
ZION,1932,51650
ZION,1933,48763
ZION,1934,68801
ZION,1935,97280
ZION,1936,124393
ZION,1937,137404
ZION,1938,149075
ZION,1939,158063
ZION,1940,165029
ZION,1941,192805
ZION,1942,68797
ZION,1943,44089
ZION,1944,42243
ZION,1945,78280
ZION,1946,212280
ZION,1947,273953
ZION,1948,297571
ZION,1949,307881
ZION,1950,323402
ZION,1951,331079
ZION,1952,352921
ZION,1953,389445
ZION,1954,416800
ZION,1955,406800
ZION,1956,421200
ZION,1957,525100
ZION,1958,590700
ZION,1959,585000
ZION,1960,575800
ZION,1961,604700
ZION,1962,622100
ZION,1963,681100
ZION,1964,705200
ZION,1965,763600
ZION,1966,815200
ZION,1967,788400
ZION,1968,877100
ZION,1969,904300
ZION,1970,903600
ZION,1971,897000
ZION,1972,889417
ZION,1973,993800
ZION,1974,859300
ZION,1975,1055200
ZION,1976,1090000
ZION,1977,1105900
ZION,1978,1193212
ZION,1979,1040528
ZION,1980,1123846
ZION,1981,1288808
ZION,1982,1246290
ZION,1983,1273030
ZION,1984,1377254
ZION,1985,1503272
ZION,1986,1670503
ZION,1987,1777619
ZION,1988,1948332
ZION,1989,1998856
ZION,1990,2102400
ZION,1991,2236997
ZION,1992,2390626
ZION,1993,2392580
ZION,1994,2270871
ZION,1995,2430162
ZION,1996,2498001
ZION,1997,2445534
ZION,1998,2370048
ZION,1999,2449664
ZION,2000,2432348
ZION,2001,2217779
ZION,2002,2592545
ZION,2003,2458792
ZION,2004,2677342
ZION,2005,2586665
ZION,2006,2567350
ZION,2007,2657281
ZION,2008,2690154
ZION,2009,2735402
ZION,2010,2665972
ZION,2011,2825505
ZION,2012,2973607
ZION,2013,2807387
ZION,2014,3189696
ZION,2015,3648846
ZION,2016,4295127
ZION,2017,4504812
ZION,2018,4320033
ZION,2019,4488268
ZION,2020,3591254
